end_ts,entry_close,ret_1,fh_1,fl_1,mfe_1,mae_1,ret_3,fh_3,fl_3,mfe_3,mae_3,ret_6,fh_6,fl_6,mfe_6,mae_6,ret_12,fh_12,fl_12,mfe_12,mae_12,ret_24,fh_24,fl_24,mfe_24,mae_24,net_pct,range_pct,eff,stratum
2025-10-14T00:00:00+00:00,115056.0,0.000608399388113412,115147.5,115015.1,0.07952649144764568,-0.03554790710610378,0.15418578779029524,115327.8,115015.1,0.23623279098874406,-0.03554790710610378,0.13932345988041384,115360.2,115015.1,0.2643929912390375,-0.03554790710610378,-0.27012932832707337,115360.2,114731.0,0.2643929912390375,-0.28247114448616273,-0.856887081073554,115360.2,114070.0,0.2643929912390375,-0.8569739952718702,-0.005996720054857185,0.7799680155750319,0.001887153679948105,Q1_quiet
2025-10-14T05:10:00+00:00,113463.4,-0.061429500614296195,113499.8,113380.0,0.032080829589098414,-0.07350387878380937,-0.42983023600561276,113499.8,112927.5,0.032080829589098414,-0.4723108949670096,-0.8972056187281585,113499.8,112319.6,0.032080829589098414,-1.0080783759344292,-0.8399184230333256,113499.8,112319.6,0.032080829589098414,-1.0080783759344292,-1.369869050284045,113499.8,111311.3,0.032080829589098414,-1.8967349823819757,-1.4818950404662412,2.3255076086209225,0.3075190543973822,Q4_active
2025-10-14T13:45:00+00:00,110908.0,0.010098459984853037,111056.1,110663.3,0.13353410033540847,-0.2206333177047659,0.19502650845746317,111174.0,110663.3,0.2398384246402374,-0.2206333177047659,0.8389836621343738,112157.8,110663.3,1.1268799365239612,-0.2206333177047659,0.7651386734951471,112157.8,110663.3,1.1268799365239612,-0.2206333177047659,1.2118151981822756,112299.9,110663.3,1.255004147581773,-0.2206333177047659,-0.7214852211898215,1.933855087099207,0.09840068367720704,Q3
2025-10-14T20:15:00+00:00,112701.0,0.08154319837445634,112793.0,112684.2,0.0816319287317846,-0.014906700029282405,-0.008429383945129931,112859.9,112681.8,0.14099253777695164,-0.017036228604894177,0.0791474787269042,112900.0,112626.9,0.17657341106112057,-0.06574919477201346,-0.0007985732158544145,112950.0,112626.9,0.22093858971969915,-0.06574919477201346,0.5552745760907252,113528.6,112626.9,0.7343324371567261,-0.06574919477201346,1.373978511066043,2.138490341700598,0.14855336737174896,Q4_active
2025-10-15T01:55:00+00:00,112679.9,0.05102950925586214,112748.0,112612.4,0.06043668835347127,-0.05990420651775796,0.19577582159728824,112938.0,112612.4,0.22905593632938093,-0.05990420651775796,0.7365998727368428,113510.0,112612.4,0.736688619709458,-0.05990420651775796,0.07401497516417166,113574.7,112612.4,0.7941079109938798,-0.05990420651775796,-0.623358735675128,113574.7,111758.5,0.7941079109938798,-0.8177146057105067,-0.22941587936851082,1.1166144094909667,0.04303915217355265,Q2
2025-10-15T08:25:00+00:00,113068.1,0.13956191003474672,113476.8,113063.4,0.36146357814450525,-0.004156786927533851,0.08295885400035896,113476.8,113063.4,0.36146357814450525,-0.004156786927533851,-0.14867146436529088,113476.8,112849.1,0.36146357814450525,-0.19368858236761266,-0.4594576189040023,113476.8,112424.4,0.36146357814450525,-0.5693029245207204,-0.6283823642565856,113476.8,112259.4,0.36146357814450525,-0.7152326783593344,0.761943124287634,1.2560571903127382,0.18318549942152199,Q2
2025-10-15T17:00:00+00:00,110603.7,-0.23380772975948316,110645.8,110258.4,0.038063826074541396,-0.31219570412202025,-0.20867294674590253,110645.8,110099.7,0.038063826074541396,-0.4556809582319632,-0.23760507107809525,110645.8,110099.7,0.038063826074541396,-0.4556809582319632,0.21057161740520858,111153.5,110099.7,0.4970900611824147,-0.4556809582319632,0.5740314293283255,111441.0,110099.7,0.7570271157294028,-0.4556809582319632,-1.048439909962473,1.6716438961806832,0.15195207655303916,Q3
2025-10-16T00:50:00+00:00,110451.7,-0.05839656610083788,110480.0,110373.1,0.0256220592349532,-0.07116232706241288,0.3777216647638637,110881.4,110373.1,0.38903882873690954,-0.07116232706241288,0.2360307718215271,111069.4,110373.1,0.5592489748912799,-0.07116232706241288,0.6120322276615076,111260.4,110373.1,0.732175240399191,-0.07116232706241288,0.9138836251501914,111522.0,110373.1,0.9690208480267914,-0.07116232706241288,-0.5268528333424949,1.0861761294755963,0.07617782639268669,Q2
2025-10-16T07:55:00+00:00,110521.8,-0.07102671147231066,110610.0,110420.5,0.07980326053320663,-0.09165612575980919,0.06930759361500893,110610.0,110330.3,0.07980326053320663,-0.17326898403753344,-0.03003932255898345,110688.1,110330.3,0.15046805245662043,-0.17326898403753344,0.21615645058259414,110849.9,110330.3,0.2968645099880707,-0.17326898403753344,0.5230642280527276,111617.5,109445.4,0.9913881243338363,-0.9739255060992602,-0.845473255089968,1.2122495290521895,0.16245474918117628,Q2
2025-10-16T14:15:00+00:00,110005.0,0.19090041361755627,110319.5,109640.5,0.28589609563201,-0.33134857506477156,0.28062360801781594,110493.5,109640.5,0.44407072405798775,-0.33134857506477156,0.9014135721103544,111373.8,109640.5,1.2443070769510456,-0.33134857506477156,0.3408935957456505,111373.8,109640.5,1.2443070769510456,-0.33134857506477156,-1.8069178673696618,111373.8,107929.5,1.2443070769510456,-1.8867324212535785,-0.7175090252707572,2.2859870005908927,0.08247401290536735,Q4_active
2025-10-16T21:00:00+00:00,107851.6,-0.21038167259457285,107917.2,107523.2,0.06082431785896514,-0.30449246928186957,0.17616799379889247,108171.3,107523.2,0.2964258295658162,-0.30449246928186957,0.32312918862584805,108255.9,107523.2,0.3748669468046639,-0.30449246928186957,0.44755942424590245,108450.4,107523.2,0.5552073404566871,-0.30449246928186957,-0.045432798400768526,108450.4,107523.2,0.5552073404566871,-0.30449246928186957,-0.37466330184042773,1.7270953792062398,0.03666937889883281,Q3
2025-10-17T03:20:00+00:00,108982.5,-0.001192852063403027,109023.6,108978.0,0.037712476773799075,-0.004129103296401926,-0.060468423829507234,109050.0,108899.9,0.061936549446017786,-0.07579198495172301,0.061936549446017786,109050.0,108832.4,0.061936549446017786,-0.1377285343977297,-0.05294428004496421,109183.8,108832.4,0.18470855412566767,-0.1377285343977297,-0.2315968160025661,109183.8,108657.3,0.18470855412566767,-0.29839653155322443,0.9183189679120796,1.2700204161218598,0.18715205042556018,Q2
2025-10-17T16:20:00+00:00,107085.0,-0.32385488163608755,107085.0,106609.8,0.0,-0.4437596302003022,-0.43871690712985467,107085.0,106388.7,0.0,-0.6502311248073989,-0.6611570247933907,107085.0,106288.0,0.0,-0.7442685716953834,-0.6830088247653632,107085.0,106140.1,0.0,-0.8823831535695881,-0.23934257832562977,107085.0,106016.6,0.0,-0.9977120978661769,0.9329357030289698,2.8121585656254457,0.08589478799659842,Q4_active
2025-10-18T03:20:00+00:00,106852.9,0.03706029504113584,106934.7,106842.6,0.07655384177687186,-0.009639420174822888,0.08984313949365053,107084.4,106842.6,0.21665298742477024,-0.009639420174822888,0.17294804352525617,107084.4,106842.6,0.21665298742477024,-0.009639420174822888,-0.2172145070465925,107084.4,106396.3,0.21665298742477024,-0.42731643221661786,-0.2576439198187286,107084.4,106376.9,0.21665298742477024,-0.4454722333226302,-0.07602806211670643,0.9172423022678896,0.018241378536651892,Q2
2025-10-18T09:35:00+00:00,106714.8,0.052663735489355545,106779.9,106714.3,0.061003722070407385,-0.00046853857197382,0.15611705218019356,106887.4,106671.7,0.161739515043835,-0.04038802490377025,0.11563531956204631,106887.4,106671.7,0.161739515043835,-0.04038802490377025,0.29555413119828344,107046.3,106671.7,0.31064107321570056,-0.04038802490377025,0.19434979965289312,107090.0,106671.7,0.35159134440583273,-0.04038802490377025,0.19143580610061495,1.0073579297342075,0.04900617684524452,Q2
2025-10-18T16:40:00+00:00,106522.3,0.09199951559437647,106662.5,106491.1,0.13161563353401018,-0.02928964169943704,0.07425675187260339,106673.3,106491.1,0.14175435566075034,-0.02928964169943704,0.13574622403007552,106673.3,106491.1,0.14175435566075034,-0.02928964169943704,0.2138519352285817,106901.1,106491.1,0.35560629088933204,-0.02928964169943704,0.25900679951520456,106901.1,106491.1,0.35560629088933204,-0.02928964169943704,-0.4166666666666652,0.7859387189349057,0.11166787763385037,Q1_quiet
2025-10-19T01:40:00+00:00,106849.4,0.009265377250611273,106884.3,106849.4,0.03266279455009791,0.0,0.055873032511200016,106933.1,106849.4,0.07833455311869741,0.0,0.027328183405805895,106943.0,106833.8,0.08759993036928648,-0.014599988394869978,-0.04623329658378639,106947.3,106783.9,0.091624286144798,-0.061301233324662086,0.3237266657557303,107236.1,106749.9,0.3619112507885047,-0.09312172085196302,-0.2406002963389109,0.5256931718849119,0.10152464247725361,Q1_quiet
2025-10-19T09:35:00+00:00,106371.6,0.5188414952863374,107189.1,106371.6,0.7685322022043417,0.0,1.0409733425086998,108162.9,106371.6,1.6840021208668343,0.0,0.8807802082510641,108162.9,106371.6,1.6840021208668343,0.0,1.1729634601717054,108162.9,106371.6,1.6840021208668343,0.0,1.407612558239224,108170.5,106371.6,1.6911468850708156,0.0,-0.6538609174973287,1.0380590307939448,0.19745043291874598,Q2
2025-10-19T14:55:00+00:00,108361.0,0.07152019638061446,108525.1,108331.0,0.15143824807819506,-0.02768523730862782,0.0787183580808648,108535.4,108331.0,0.1609435128874681,-0.02768523730862782,0.05841585072119404,108575.1,108331.0,0.19758031025922662,-0.02768523730862782,0.063214625188035,108575.1,108269.6,0.19758031025922662,-0.0843476896669415,0.1853988058434286,108900.0,108175.3,0.49741143031163393,-0.17137161894038577,0.9429076058605101,1.4305884958610677,0.1852556828580835,Q3
2025-10-19T20:00:00+00:00,108797.9,0.08308983905020995,108932.7,108797.4,0.12389945026511917,-0.0004595676938667914,-0.010202402803727306,108932.7,108774.6,0.12389945026511917,-0.02141585453394601,0.04080961121493143,108932.7,108774.6,0.12389945026511917,-0.02141585453394601,0.012867895428136933,108939.5,108744.0,0.1301495709016498,-0.049541397398289444,0.03318078749683373,108939.5,108552.9,0.1301495709016498,-0.225188169992252,0.3314321020670752,1.1095802400597778,0.07501878600651053,Q2
2025-10-20T01:55:00+00:00,108011.9,-0.07943569180801635,108011.9,107852.6,0.0,-0.14748374947574083,-0.04582828373540515,108068.6,107801.7,0.05249421591511094,-0.19460818669053692,0.3646820396641548,108477.1,107801.7,0.4306932847214062,-0.19460818669053692,0.6502061346944199,108935.8,107801.7,0.8553687140028243,-0.19460818669053692,1.9335832440684708,110404.1,107801.7,2.2147559667036854,-0.19460818669053692,-0.7160525374824589,1.8033198193902737,0.1688925505159995,Q3
2025-10-20T08:25:00+00:00,111212.6,0.1974596403644835,111451.0,111199.5,0.21436419973994703,-0.011779240841425231,0.03884451941595923,111636.9,111099.8,0.3815215182452203,-0.10142735625280341,-0.16284126079240124,111636.9,111001.4,0.3815215182452203,-0.18990653936695745,-0.40723802878451787,111636.9,110671.8,0.3815215182452203,-0.48627583565171717,-0.21328518531175122,111636.9,110649.9,0.3815215182452203,-0.5059678489667596,2.2865630733997833,2.4665370650447804,0.3530639778456289,Q4_active
2025-10-20T13:50:00+00:00,111045.5,0.047548077139558664,111159.0,110912.5,0.10221035521476018,-0.11977072461288873,-0.01963159245534918,111213.2,110912.5,0.15101917682391885,-0.11977072461288873,-0.21738836783119497,111213.2,110661.5,0.15101917682391885,-0.34580419737855195,0.17281204551287122,111256.0,110661.5,0.18956193632340135,-0.34580419737855195,0.31131383081710595,111700.0,110661.5,0.5893980395423437,-0.34580419737855195,0.0395489794741577,0.595881868243195,0.011779226703156577,Q1_quiet
2025-10-21T00:35:00+00:00,110341.2,0.08990295555966199,110455.2,110341.2,0.10331589651009221,0.0,0.07014605605160096,110484.8,110341.2,0.13014177841097485,0.0,-0.10467531620101944,110484.8,110103.0,0.13014177841097485,-0.2158758469184674,-0.23164511533315668,110484.8,110056.9,0.13014177841097485,-0.257655345419483,-0.7080764030117481,110484.8,109249.8,0.13014177841097485,-0.9891137671150907,-0.4583700573661753,1.0439436946489695,0.11454787294001123,Q2
2025-10-21T05:50:00+00:00,107550.0,-0.048442584844266,107566.9,107416.7,0.01571362157135603,-0.12394235239423512,0.041469084146905644,107694.1,107416.7,0.1339841933984287,-0.12394235239423512,0.3568572756857291,108182.0,107416.7,0.5876336587633757,-0.12394235239423512,0.37601115760110826,108182.0,107416.7,0.5876336587633757,-0.12394235239423512,0.46954904695490907,108182.0,107416.7,0.5876336587633757,-0.12394235239423512,-2.597931870174053,2.8170153417015316,0.4589760000000095,Q4_active
2025-10-21T11:20:00+00:00,108397.1,-0.0984343677091104,108404.6,108249.2,0.006919004290706354,-0.13644276461270977,-0.01033237974079615,108470.6,108177.8,0.06780624204891783,-0.20231168546022138,0.1547089359401621,108588.1,108177.8,0.1762039759366285,-0.20231168546022138,0.8329558632103495,109424.1,108177.8,0.9474423208738925,-0.20231168546022138,0.1499117596319488,109429.9,107866.6,0.9527930175253552,-0.4894042368292162,0.4292445925187405,1.2444059850309594,0.08558866453603317,Q2
2025-10-21T19:55:00+00:00,111757.2,-0.11829215477838773,111776.6,111554.6,0.017359060534816173,-0.18128585898715688,-0.4180491279309084,111776.6,111169.1,0.017359060534816173,-0.5262300773462347,-0.8479990550944394,111776.6,110500.3,0.017359060534816173,-1.1246702673295306,-0.8844172903401226,111776.6,110500.3,0.017359060534816173,-1.1246702673295306,-0.868400425207505,111776.6,110080.5,0.017359060534816173,-1.5003060205516894,-0.3585967827930525,2.3966241101244434,0.03919772337439524,Q4_active
2025-10-22T03:00:00+00:00,108091.7,0.01794772401582101,108167.4,108091.7,0.07003312927820193,0.0,-0.19686987992603155,108168.1,107854.0,0.07068072756744037,-0.21990587621435465,-0.029697007263274067,108171.0,107792.2,0.07336363476566632,-0.27707955374927096,0.13285016333355326,108257.4,107792.2,0.1532957664649448,-0.27707955374927096,0.4332432554950971,108576.8,107792.2,0.448785614436642,-0.27707955374927096,-2.324335216814155,2.6817045157028683,0.27678898095340676,Q4_active
2025-10-22T08:10:00+00:00,108041.2,0.02702672684122831,108152.2,108028.2,0.10273858491021137,-0.012032446881371506,0.14244565961873956,108299.3,108028.2,0.23889034923714192,-0.012032446881371506,0.18881685875389298,108299.3,108028.2,0.23889034923714192,-0.012032446881371506,-0.09366797110731406,108304.3,107930.7,0.24351821342230018,-0.1022757984916911,-0.1259704631196179,108304.3,107717.8,0.24351821342230018,-0.2993302554951227,0.07011499043676483,0.946213111294583,0.016675845357417736,Q2
2025-10-22T15:25:00+00:00,107834.1,0.2645730803150226,108156.2,107687.7,0.29869957647905565,-0.1357641043046809,0.5356376137047425,108560.5,107687.7,0.6736273590635999,-0.1357641043046809,0.4923303481922714,108634.8,107687.7,0.7425294966990847,-0.1357641043046809,0.6227158199493488,108637.5,107687.7,0.7450333428850264,-0.1357641043046809,0.06593461622992347,108767.0,107687.7,0.8651252247665608,-0.1357641043046809,-0.03550491135821954,2.3397978932452776,0.0034534683462114006,Q4_active
2025-10-22T20:25:00+00:00,107583.1,0.0018590280443708807,107658.1,107477.6,0.0697135516637859,-0.09806372934039187,0.22661551860838625,107883.5,107477.6,0.279226012264,-0.09806372934039187,0.05744396657094697,107883.5,107450.0,0.279226012264,-0.12371831635267228,-0.8003115731002319,107883.5,106617.1,0.279226012264,-0.8979105454295366,-0.5346564655601238,107883.5,106617.1,0.279226012264,-0.8979105454295366,-0.23276496024912108,1.2614434795056153,0.037255833283856406,Q2
2025-10-23T03:35:00+00:00,108522.0,-0.13527211072409395,108528.9,108337.5,0.006358157792885066,-0.1700116105490146,-0.1451318626637943,108528.9,108272.0,0.006358157792885066,-0.23036803597427102,-0.1980243637234813,108528.9,108265.4,0.006358157792885066,-0.23644975212400166,0.1041263522603808,108652.9,108265.4,0.12062070363612065,-0.23644975212400166,0.10449494111792745,108880.4,108265.4,0.33025561637272105,-0.23644975212400166,1.4175012055488878,1.5887101232929783,0.29585706483576707,Q3
2025-10-23T11:20:00+00:00,109512.8,-0.019449781212788064,109612.4,109460.0,0.0909482727133204,-0.04821354216127949,-0.1953196338692953,109612.4,109032.7,0.0909482727133204,-0.43839624226574836,-0.3269024260177833,109612.4,109032.7,0.0909482727133204,-0.43839624226574836,-0.4248818402962984,109612.4,108623.7,0.0909482727133204,-0.8118685669620374,-0.504781176264335,109612.4,108623.7,0.0909482727133204,-0.8118685669620374,-0.3737141068887895,1.0766777947417938,0.08058694287507871,Q2
2025-10-23T16:45:00+00:00,109900.1,0.5367602031299379,110527.2,109892.2,0.5706091259243484,-0.0071883465074251696,-0.009736114889802305,110534.6,109827.6,0.5773425137920674,-0.06596900275795958,0.14922643382491163,110534.6,109573.9,0.5773425137920674,-0.2968150165468586,1.0912637932085412,111191.1,109573.9,1.1747032077313868,-0.2968150165468586,0.35641459834885314,111236.3,109573.9,1.2158314687611638,-0.2968150165468586,0.5896249081285498,1.3021826185781504,0.07532564720189083,Q3
2025-10-23T23:45:00+00:00,109938.3,0.02801571426882532,109969.7,109897.3,0.028561474936394937,-0.037293645617586524,0.07658841368294311,110098.3,109897.3,0.14553617801984498,-0.037293645617586524,0.37675678084889697,110365.5,109897.3,0.38858159531300895,-0.037293645617586524,0.46134968432292034,110484.7,109897.3,0.4970060479377869,-0.037293645617586524,0.4973698883828481,110646.6,109897.3,0.6442704680716282,-0.037293645617586524,-0.3205134017216116,1.1825724065225596,0.061370462318363087,Q2
2025-10-24T05:25:00+00:00,110949.5,0.21631462962878878,111257.7,110906.8,0.2777840368816342,-0.03848597785478525,0.15989256373394323,111257.7,110906.8,0.2777840368816342,-0.03848597785478525,0.23100599822440948,111277.6,110906.8,0.2957201249216945,-0.03848597785478525,0.29499907615626597,111302.7,110906.8,0.31834302993705155,-0.03848597785478525,0.20522850486031086,111500.0,110906.8,0.4961716817110551,-0.03848597785478525,0.77541559260208,1.2613846840229113,0.16223560935748146,Q2
2025-10-24T11:20:00+00:00,111063.6,0.018728008096258186,111087.6,111045.5,0.021609240111075678,-0.016296968583773275,-0.10534504554147173,111087.6,110542.7,0.021609240111075678,-0.4690105489107199,-0.03691578518975058,111094.0,110542.7,0.027371704140688458,-0.4690105489107199,-0.08130476591791114,111247.0,110542.7,0.1651306098487737,-0.4690105489107199,0.1798068854242052,112153.5,110542.7,0.9813296165440244,-0.4690105489107199,-0.13649188871324158,0.764787022931,0.03247336670517051,Q1_quiet
2025-10-24T20:30:00+00:00,110657.7,0.0010844252139596833,110700.1,110591.0,0.03831635756030849,-0.06027596814319747,0.11829271709062894,110835.4,110591.0,0.16058530043547847,-0.06027596814319747,0.14748182910000462,110967.4,110591.0,0.2798720739722649,-0.06027596814319747,0.19366026946159298,111013.6,110565.4,0.32162244471014567,-0.08341037270791496,0.379819931193226,111078.7,110565.4,0.38045251256804136,-0.08341037270791496,0.3353952114377057,1.0292098968259726,0.08121637940498384,Q2
2025-10-25T07:25:00+00:00,111591.4,-0.041132201943872015,111780.0,111536.3,0.16900943979554217,-0.049376564860725836,-0.09185295641062075,111780.0,111431.4,0.16900943979554217,-0.14338022464096545,-0.11524185555517041,111780.0,111396.8,0.16900943979554217,-0.17438619821956713,0.027331855322176857,111780.0,111396.8,0.16900943979554217,-0.17438619821956713,0.030109847174597526,111798.1,111396.8,0.18522932770805856,-0.17438619821956713,0.5655898590350983,0.6687791353097129,0.24506052323311284,Q1_quiet
2025-10-25T16:25:00+00:00,111179.1,0.03336958115327526,111235.9,111179.1,0.05108873880070863,0.0,0.036877434697712985,111235.9,111179.1,0.05108873880070863,0.0,0.13554705875473694,111432.4,111179.1,0.2278305904616751,0.0,0.10676467069798967,111432.4,111179.1,0.2278305904616751,0.0,0.3353148208611101,111560.1,111179.1,0.3426903078006527,0.0,-0.3642050266387642,0.7330514458203025,0.15181172954799932,Q1_quiet
2025-10-26T01:25:00+00:00,111662.0,-0.0008060038329871233,111695.8,111628.7,0.030269921728076632,-0.02982214182085663,0.01862764414035656,111731.9,111628.7,0.06259963102934751,-0.02982214182085663,-0.0732567928211969,111748.7,111451.3,0.07764503591194405,-0.18869445290250475,-0.05722627214270748,111748.7,111389.1,0.07764503591194405,-0.24439827336066866,-0.19532159552937411,111748.7,111321.1,0.07764503591194405,-0.30529634074258905,0.15678929957878562,0.5362612168866785,0.0750665636004491,Q1_quiet
2025-10-26T09:25:00+00:00,112635.2,-0.1955871699078071,112776.0,112381.3,0.12500532693153765,-0.22541798656192658,-0.3157982584485075,112776.0,112159.7,0.12500532693153765,-0.42215932497123854,-0.13317328863445832,112776.0,112159.7,0.12500532693153765,-0.42215932497123854,-0.31180305978947276,112776.0,112159.7,0.12500532693153765,-0.42215932497123854,0.022639459067863577,112776.0,112135.2,0.12500532693153765,-0.44391096211485737,1.1504740283474035,1.275267411963573,0.5406625870436864,Q2
2025-10-26T17:55:00+00:00,113385.0,0.054239978833181546,113468.4,113378.4,0.07355470300303146,-0.00582087577722934,0.11915156325792431,113525.6,113378.4,0.12400229307227839,-0.00582087577722934,0.05988446443532247,113578.7,113378.4,0.1708338845526347,-0.00582087577722934,0.14023018917845853,113746.8,113378.4,0.3190898266966613,-0.00582087577722934,0.1308815098998828,113746.8,113378.4,0.3190898266966613,-0.00582087577722934,-0.1259601155662038,0.7242580588261208,0.03701594533029629,Q1_quiet
2025-10-26T23:00:00+00:00,114770.2,-0.19944201543605766,114770.3,114509.7,8.713063146537081e-05,-0.22697529498075797,-0.28796673701012576,114770.3,114362.9,8.713063146537081e-05,-0.35488306197950514,-0.1278206363672818,114770.3,114329.3,8.713063146537081e-05,-0.3841589541536017,-0.03955730668762092,114770.3,114325.3,8.713063146537081e-05,-0.38764417941241636,0.025703536283816497,115140.9,114325.3,0.32299325086129205,-0.38764417941241636,1.1668054986271104,2.471460361661825,0.26258157941718907,Q4_active
2025-10-27T05:40:00+00:00,115576.9,-0.048625633669008295,115593.8,115459.8,0.014622299092637014,-0.10131782389040112,-0.08020633880991834,115593.8,115429.0,0.014622299092637014,-0.12796674768054128,-0.13004328719665725,115593.8,115281.7,0.014622299092637014,-0.2554143604820647,0.04204992520131512,115821.8,115281.7,0.2118935531235211,-0.2554143604820647,0.02941764314494666,116398.8,115281.7,0.71112826178934,-0.2554143604820647,0.6341392058762496,0.846535942735957,0.16825690192906864,Q2
2025-10-27T17:20:00+00:00,115281.1,-0.017782620047868125,115365.1,115260.4,0.07286536995223525,-0.01795610902395328,0.23464384014377782,115683.1,115232.7,0.3487128419142449,-0.04198433221057618,0.2301331267657858,115683.1,115232.7,0.3487128419142449,-0.04198433221057618,0.180255046143718,115735.3,115232.7,0.3939934646702614,-0.04198433221057618,-0.23663896336867385,115735.3,114850.0,0.3939934646702614,-0.3739554879334084,0.03410220944137787,1.0287028836470107,0.007490137033296435,Q2
2025-10-28T00:05:00+00:00,114079.9,-0.02989133054989157,114120.7,113990.6,0.03576440722685703,-0.07827846973917918,0.15769649166943456,114330.4,113990.6,0.2195829414296524,-0.07827846973917918,-0.02244041237763339,114330.4,113979.4,0.2195829414296524,-0.0880961501544042,0.03234575065371725,114330.4,113732.6,0.2195829414296524,-0.3044357507325901,0.21484941694374093,114502.1,113732.6,0.370091488509372,-0.3044357507325901,-0.8807613976798079,1.2802430577165653,0.21348693216520157,Q2
2025-10-28T08:25:00+00:00,114301.4,0.04584370795108761,114412.1,114273.0,0.09684920744628123,-0.024846589805549435,0.040856892391527566,114412.1,114273.0,0.09684920744628123,-0.024846589805549435,0.04453138806699286,114413.6,114273.0,0.09816152733037597,-0.024846589805549435,-0.10813515844949606,114576.5,114116.6,0.24067946674319884,-0.1616778097206062,0.15030437072511837,114576.5,114116.6,0.24067946674319884,-0.1616778097206062,0.34219517590832194,0.839622261844572,0.10905326768128609,Q1_quiet
2025-10-28T13:55:00+00:00,115480.0,0.019137512989275685,115520.6,115373.1,0.03515760304815263,-0.09257014201592417,0.2309490820921356,115810.9,115279.8,0.28654312435052454,-0.17336335296155303,0.3505368895046823,116055.0,115279.8,0.4979217180464124,-0.17336335296155303,-0.3983373744371299,116055.0,114172.4,0.4979217180464124,-1.132317284378248,-0.765240734326289,116055.0,114172.4,0.4979217180464124,-1.132317284378248,0.986162936818924,1.2139764461378544,0.2685191799414276,Q2
2025-10-28T23:05:00+00:00,113000.0,-0.016371681415927597,113040.3,112963.4,0.03566371681416047,-0.032389380530983836,-0.12106194690265637,113092.3,112712.7,0.08168141592921341,-0.2542477876106175,-0.025752212389384965,113092.3,112712.7,0.08168141592921341,-0.2542477876106175,-0.2832743362831902,113092.3,112648.5,0.08168141592921341,-0.31106194690265765,-0.663805309734522,113092.3,112181.2,0.08168141592921341,-0.7246017699115037,-1.9504059947348273,2.839557522123904,0.270891079563258,Q4_active
2025-10-29T06:05:00+00:00,113110.0,-0.08902837945362618,113110.9,112972.2,0.0007956856157731451,-0.12182830872602413,-0.12412695606046631,113110.9,112916.8,0.0007956856157731451,-0.170807178852439,-0.1334099549111456,113110.9,112899.4,0.0007956856157731451,-0.18619043409071612,0.09663159755990414,113280.1,112899.4,0.150384581380969,-0.18619043409071612,0.20935372646095907,113559.3,112899.4,0.3972239412960876,-0.18619043409071612,0.7662367627944588,1.129873574396605,0.20277247330080142,Q2
2025-10-29T14:30:00+00:00,112467.9,0.07504363467265573,112660.9,112435.8,0.1716045200452765,-0.02854147716814248,0.03209804753179224,112699.7,112435.8,0.20610325257250928,-0.02854147716814248,-0.22041844828613044,112699.7,112218.8,0.20610325257250928,-0.2214854193952176,-0.49845333646311163,112699.7,111656.7,0.20610325257250928,-0.7212724697446937,-1.13623531692153,112699.7,110881.6,0.20610325257250928,-1.4104468919576063,-0.33417519606540047,1.2435548276441597,0.0794413195980548,Q2
2025-10-30T01:40:00+00:00,110571.4,-0.039160216837252904,110596.7,110526.2,0.0228811428633513,-0.040878563534507695,-0.1462403478657226,110671.9,110370.5,0.09089149635439497,-0.18169255340891866,-0.01935401016899263,110671.9,110278.1,0.09089149635439497,-0.265258466475049,0.31500008139537794,110949.5,110278.1,0.34195099275220464,-0.265258466475049,0.08483206326410642,110961.3,110278.1,0.35262283013510753,-0.265258466475049,-0.5637676115552215,1.8719126284011987,0.10228922936348754,Q3
2025-10-30T11:00:00+00:00,110006.9,-0.08626731595926529,110107.4,109899.5,0.0913579057313596,-0.0976302395577,-0.10572064115976776,110107.4,109637.2,0.0913579057313596,-0.33606982834712973,-0.056632811214563095,110107.4,109637.2,0.0913579057313596,-0.33606982834712973,-0.30598080665847904,110107.4,109585.0,0.0913579057313596,-0.383521397294162,-1.463090042533699,110107.4,108224.1,0.0913579057313596,-1.6206256153023069,-0.174049240145302,1.6159895424741513,0.03012218487922885,Q3
2025-10-30T18:15:00+00:00,107155.5,0.11021366145462785,107332.1,107149.0,0.1648072194147865,-0.006065950884459603,0.028743274960230103,107507.9,107149.0,0.32886786025914105,-0.006065950884459603,-0.04171507762084081,107507.9,106880.0,0.32886786025914105,-0.2571029951799031,-0.34473265488005334,107507.9,106656.5,0.32886786025914105,-0.46567838328410716,-0.22891965414747473,107507.9,106226.0,0.32886786025914105,-0.8674309764781118,-1.0838219655569747,1.6615106084148683,0.13028329209156814,Q3
2025-10-31T00:50:00+00:00,109292.1,-0.02131901573856343,109560.0,109210.8,0.24512293203260427,-0.07438781028089592,0.5318774184044361,109875.7,109128.7,0.5339818706018074,-0.14950760393478424,0.40249935722709296,109984.6,109128.7,0.6336231072511245,-0.14950760393478424,0.2867544863718319,109984.6,109128.7,0.6336231072511245,-0.14950760393478424,-0.41613254754918616,109984.6,108498.5,0.6336231072511245,-0.7261275060137073,2.318768940404614,2.8655319094426663,0.38608305274972005,Q4_active
2025-10-31T06:25:00+00:00,109629.8,-0.029462792051071496,109661.1,109554.9,0.028550631306445418,-0.06832083977167391,-0.16446258225409904,109661.1,109449.5,0.028550631306445418,-0.16446258225409904,-0.040956017433224634,109661.1,109449.1,0.028550631306445418,-0.1648274465519406,-0.0073885020313912975,109749.3,109369.4,0.10900320898150628,-0.2375266578977686,0.12195589155503672,109814.1,109130.0,0.16811122523254785,-0.4558979401586116,-0.13827453780961285,1.5379942314954562,0.0202524214851781,Q3
2025-10-31T13:40:00+00:00,109556.7,0.33918509776216244,110075.9,109535.9,0.47390985672259855,-0.018985602888732522,0.5000150606945919,110166.3,109535.9,0.5564242077390036,-0.018985602888732522,0.3278667575784988,110499.7,109535.9,0.8607415155805098,-0.018985602888732522,0.36291710137308364,110499.7,109503.2,0.8607415155805098,-0.0488331612763071,0.7695558555524284,111106.8,109503.2,1.4148837998954056,-0.0488331612763071,-0.16675824701544162,1.2534148984042026,0.026961723192975243,Q2
2025-10-31T21:05:00+00:00,109514.2,-0.2122099234619701,109514.2,109261.3,0.0,-0.23092895715806083,0.07259332579701017,109624.8,109261.3,0.10099146959938743,-0.23092895715806083,0.1453692763130343,109688.1,109261.3,0.1587921931585301,-0.23092895715806083,0.037620692111151044,109688.1,109261.3,0.1587921931585301,-0.23092895715806083,0.011048795498669328,109783.8,109261.3,0.24617812119342997,-0.23092895715806083,-0.36944950113855235,1.4743293563757083,0.04627445618113281,Q3
2025-11-01T02:30:00+00:00,109487.0,-0.007763478769173826,109487.1,109412.6,9.133504434988282e-05,-0.06795327299130571,0.19381296409619608,109744.7,109412.6,0.23537040927232855,-0.06795327299130571,0.2857873537497557,109825.2,109412.6,0.30889511996858854,-0.06795327299130571,0.4913825385662207,110165.4,109412.6,0.6196169408240193,-0.06795327299130571,0.7334204060756022,110499.1,109412.6,0.924401983797174,-0.06795327299130571,0.071566520761146,0.6376099445596334,0.02111138073283257,Q1_quiet
2025-11-01T15:20:00+00:00,109947.7,0.04556711963961124,110023.3,109928.2,0.06875996496515935,-0.017735705248944633,0.03174236477889725,110137.8,109928.2,0.17290038809361086,-0.017735705248944633,0.12114850970050828,110137.8,109928.2,0.17290038809361086,-0.017735705248944633,0.20946322660684302,110414.7,109928.2,0.42474740262870014,-0.017735705248944633,0.24602606512005298,110481.8,109928.2,0.4857764191520175,-0.017735705248944633,0.014736449516283834,0.5906444609573408,0.005681021181090314,Q1_quiet
2025-11-02T00:20:00+00:00,110000.0,-0.01972727272726571,110089.3,109968.0,0.08118181818181913,-0.029090909090911943,-0.04945454545454142,110089.3,109904.4,0.08118181818181913,-0.08690909090909305,-0.05254545454546067,110089.3,109904.4,0.08118181818181913,-0.08690909090909305,-0.009909090909088203,110089.3,109864.5,0.08118181818181913,-0.12318181818181673,-0.08154545454545081,110089.3,109833.7,0.08118181818181913,-0.15118181818182252,-0.20955992415926383,0.6124545454545428,0.09461009174311905,Q1_quiet
2025-11-02T11:00:00+00:00,110596.3,0.0031646628323001025,110641.3,110553.5,0.040688522129572746,-0.03869930549214029,0.1308362033811239,110763.0,110553.5,0.15072836975558168,-0.03869930549214029,0.13499547453215133,110852.0,110553.5,0.2312012246340922,-0.03869930549214029,0.49251195564408157,111199.9,110553.5,0.5457687101648068,-0.03869930549214029,0.02151970725965402,111199.9,110553.5,0.5457687101648068,-0.03869930549214029,0.14932347140397262,0.6785037112453208,0.040755295222562535,Q1_quiet
2025-11-02T18:25:00+00:00,110196.9,0.002722399631926997,110211.7,110160.8,0.01343050485087538,-0.03275954223757038,0.023412636834607703,110247.0,110129.2,0.04546407385326301,-0.06143548502725027,0.08321468208272176,110293.0,110129.2,0.08720753487621025,-0.06143548502725027,-0.26044289812144905,110293.0,109865.4,0.08720753487621025,-0.3008251593284439,-0.28775764109515434,110293.0,109840.4,0.08720753487621025,-0.32351182292786884,-0.14326491776539552,0.8785183612243228,0.0434304864983676,Q2
2025-11-03T00:35:00+00:00,110269.9,-0.03509570608116741,110287.7,110199.8,0.016142211065761636,-0.06357129189379362,-0.2400473746688725,110287.7,109925.6,0.016142211065761636,-0.31223389156967984,-0.46313635906081174,110287.7,109428.6,0.016142211065761636,-0.7629461893045919,-0.6076000794414393,110287.7,109300.4,0.016142211065761636,-0.8792063836096653,-1.276050853406041,110287.7,108748.5,0.016142211065761636,-1.3797056132271779,0.22805151837408388,1.2050432620325247,0.05845350977331381,Q2
2025-11-03T10:35:00+00:00,107284.1,-0.06906894870721825,107356.2,107158.5,0.06720473956531858,-0.11707233411102358,-0.13002858764719072,107356.2,107123.3,0.06720473956531858,-0.1498824150083733,0.1058870792596478,107479.1,106691.2,0.18176039133477317,-0.5526448001148432,0.32222855017658425,107756.1,106691.2,0.43995335748727715,-0.5526448001148432,0.6056815502017532,108233.0,106691.2,0.884474027372173,-0.5526448001148432,-0.3731222007709367,0.9001333841641134,0.07311037519560157,Q2
2025-11-03T16:55:00+00:00,106621.8,-0.032544939215051194,106666.7,106472.6,0.042111463134175686,-0.1399338596797306,0.1481873312962234,106868.7,106472.6,0.23156615251289647,-0.1399338596797306,0.3798472732593039,107685.2,106472.6,0.9973570132937093,-0.1399338596797306,0.7460012867912535,107685.2,106472.6,0.9973570132937093,-0.1399338596797306,0.2635483550268436,107685.2,106472.6,0.9973570132937093,-0.1399338596797306,-1.0425532112365188,2.833754447964683,0.12533613023442713,Q4_active
2025-11-04T01:05:00+00:00,106536.5,0.01576924340485064,106653.4,106518.2,0.10972765202534873,-0.017177211565988504,0.4495173015820919,107151.5,106474.9,0.5772669460701207,-0.05782055915108941,0.6262642380780337,107244.7,106474.9,0.6647487011493647,-0.05782055915108941,0.28243841312600715,107244.7,106474.9,0.6647487011493647,-0.05782055915108941,-0.12812510266434485,107244.7,106167.9,0.6647487011493647,-0.3459847094657742,-0.2582099627102874,1.2069103077349106,0.03632771338250808,Q2
2025-11-04T07:25:00+00:00,104325.0,0.12202252576085648,104566.0,104324.9,0.2310088665228749,-9.5854301462861e-05,0.005367840881875807,104682.8,104267.9,0.3429666906302531,-0.05473280613468301,0.11445003594536818,104682.8,104267.9,0.3429666906302531,-0.05473280613468301,-0.14636951833213452,104682.8,103710.0,0.3429666906302531,-0.5895039539899338,-0.4573208722741473,104682.8,103625.8,0.3429666906302531,-0.6702132758207524,-2.4050501469186303,2.9905583513060234,0.30308996380698605,Q4_active
2025-11-04T14:00:00+00:00,103785.2,0.10743342981465176,103978.3,103774.7,0.18605735692565073,-0.010117049444424708,0.07409534307396548,103990.3,103774.7,0.19761969914786626,-0.010117049444424708,-0.3497608522217033,103990.3,103234.4,0.19761969914786626,-0.5307115079992153,0.8143743038506512,104770.7,102867.3,0.9495573549985981,-0.8844228271468357,-0.4999749482585081,104801.4,102867.3,0.9791376805170726,-0.8844228271468357,-0.1239486498450626,1.131182480739065,0.02004794072782762,Q2
2025-11-04T22:25:00+00:00,101100.1,0.42492539572165366,101577.4,101052.7,0.47210635795611466,-0.04688422662293412,0.029970296765280402,101849.8,100994.2,0.7415422932321558,-0.10474767087274017,0.15400578238795593,101849.8,100838.4,0.7415422932321558,-0.25885236513120136,0.07546975720102989,101849.8,100838.4,0.7415422932321558,-0.25885236513120136,-0.17260121404429896,101849.8,100838.4,0.7415422932321558,-0.25885236513120136,-0.22392846921353016,3.0172076981130522,0.015425195619216936,Q4_active
2025-11-05T03:35:00+00:00,102105.8,0.06287595807485946,102188.0,102040.9,0.08050473136687053,-0.06356152148067062,0.00538656961699413,102218.7,101941.3,0.11057158359268904,-0.1611074003631474,-0.15865895962815513,102218.7,101853.3,0.11057158359268904,-0.24729251423523113,-0.2558130879930398,102218.7,101484.9,0.11057158359268904,-0.6080947409451865,-0.2697202313678648,102316.0,101484.9,0.20586489699898625,-0.6080947409451865,0.6221267412009901,3.1804265771386238,0.05472955985747636,Q4_active
2025-11-05T12:05:00+00:00,102004.6,-0.01372487123130206,102016.4,101916.1,0.011568105752091107,-0.0867607931407055,0.36929707091639674,102435.1,101916.1,0.42203979036239403,-0.0867607931407055,0.406158153651881,102755.6,101916.1,0.7362413067645956,-0.0867607931407055,0.5346817692535311,102755.6,101916.1,0.7362413067645956,-0.0867607931407055,0.6828123437570444,103200.4,101916.1,1.1723000727418054,-0.0867607931407055,0.10245318458650399,1.015836540705024,0.017348532686365145,Q2
2025-11-05T22:35:00+00:00,103343.1,0.17127413441244688,103620.8,103323.4,0.26871653743694157,-0.019062714395068348,0.3290011621482236,103737.9,103323.4,0.38202840828269746,-0.019062714395068348,0.30655167108397663,103818.2,103323.4,0.4597307415782792,-0.019062714395068348,0.48595406950247,103968.5,103323.4,0.6051686082573449,-0.019062714395068348,0.044221626794627156,104050.5,103273.3,0.684515947363673,-0.06754200328807913,-0.46290008928596693,1.2197234261406904,0.07912674108465723,Q2
2025-11-06T06:05:00+00:00,103029.0,0.1873258985334303,103247.1,103028.9,0.21168797134787365,-9.706005106302484e-05,0.38717254365274734,103481.8,103028.9,0.4394879111706551,-9.706005106302484e-05,0.2774946859622096,103558.2,103028.9,0.5136417901755896,-9.706005106302484e-05,0.4169699793262094,103558.2,103028.9,0.5136417901755896,-9.706005106302484e-05,0.007570683982183191,103558.2,102858.5,0.5136417901755896,-0.16548738704637023,-0.1527330099063362,1.459103747488574,0.024800931608599388,Q3
2025-11-06T13:20:00+00:00,103497.1,-0.047634184919198574,103585.6,103380.7,0.08550964229916413,-0.11246691936296349,-0.31218266019048535,103585.6,103112.9,0.08550964229916413,-0.3712181307495732,-0.15507680891542197,103585.6,103090.7,0.08550964229916413,-0.3926680071229094,-0.7260106804925059,103585.6,102659.8,0.08550964229916413,-0.8090081751082945,-0.8794449313072605,103585.6,101860.5,0.08550964229916413,-1.5813003456135566,0.17683885305437297,1.1203212457160634,0.03171379471957696,Q2
2025-11-06T19:25:00+00:00,101751.9,-0.14397765545409724,101763.1,101581.3,0.011007165468179814,-0.1676627168632594,-0.3453498165636115,101831.6,101170.6,0.078327775697562,-0.5712915434502808,-0.4090341310579948,101831.6,101141.0,0.078327775697562,-0.6003819093304386,-0.6979722245972764,101831.6,100992.0,0.078327775697562,-0.746816521362248,-0.9042582988622261,101831.6,100499.4,0.078327775697562,-1.2309352454352163,-1.0632463872958797,2.614300076951886,0.09480748055731418,Q4_active
2025-11-07T00:45:00+00:00,101505.0,-0.00995024875622974,101592.1,101414.2,0.08580858085809329,-0.08945372149155029,0.012807250874335985,101592.1,101287.8,0.08580858085809329,-0.213979606915915,0.04049061622579675,101592.1,101000.1,0.08580858085809329,-0.49741392049652555,-0.5473621989064648,101846.6,100841.6,0.3365351460519195,-0.6535638638490604,0.07635091867395083,101846.6,100841.6,0.3365351460519195,-0.6535638638490604,0.2743331097441182,1.0838874932269462,0.03908790203392231,Q2
2025-11-07T08:00:00+00:00,101900.4,-0.036702505583874334,101962.1,101863.0,0.06054932070924668,-0.036702505583874334,-0.09784063654313391,101962.1,101798.4,0.06054932070924668,-0.10009774250150372,-0.24435625375366365,101962.1,101629.0,0.06054932070924668,-0.26633850308732665,-0.5627063289251,101962.1,101232.9,0.06054932070924668,-0.6550514031348209,-0.6972494710521304,101962.1,100735.5,0.06054932070924668,-1.1431751003921464,-0.24961969704978548,0.9353250821390358,0.05246697666762672,Q2
2025-11-07T15:05:00+00:00,100867.1,0.24983369205617834,101167.6,100821.9,0.29791676374160136,-0.04481144000374471,-0.20522053276043062,101230.7,100629.0,0.3604743271096167,-0.23605318285150334,-0.3791127136598682,101230.7,100366.6,0.3604743271096167,-0.49619747172269246,-0.13889563594076115,101230.7,100366.6,0.3604743271096167,-0.49619747172269246,0.24091106019703545,101600.0,100366.6,0.7265996543967201,-0.49619747172269246,-0.15046659493105352,1.8424243385603518,0.0161204793721499,Q3
2025-11-08T01:15:00+00:00,103030.4,-0.07444404758206735,103039.4,102900.4,0.008735285896199763,-0.12617635183401754,-0.16247631766934667,103039.4,102796.5,0.008735285896199763,-0.22702037456905355,0.02892350218963724,103218.3,102796.5,0.1823733577662523,-0.22702037456905355,0.1367557536416486,103245.6,102796.5,0.20887039165140564,-0.22702037456905355,0.18625570705346206,103294.9,102704.8,0.25672034661614607,-0.3160232319781242,-0.16898438832303464,1.5439132527875241,0.023017632773731745,Q3
2025-11-08T08:45:00+00:00,102470.8,0.004684261272491774,102550.3,102442.7,0.07758307732543823,-0.027422446199310002,-0.22503971863204741,102550.3,102233.7,0.07758307732543823,-0.23138298910519994,-0.1767332742595995,102550.3,102179.6,0.07758307732543823,-0.28417851719708676,-0.10227303778247432,102566.8,102179.6,0.09368522544959124,-0.28417851719708676,0.010149232757039606,102566.8,102179.6,0.09368522544959124,-0.28417851719708676,-0.22774030789243227,0.9133333593570013,0.05487132568559831,Q2
2025-11-08T16:55:00+00:00,101805.0,-0.05029222533273758,101837.0,101689.6,0.03143264083296238,-0.1133539610038703,-0.19665045921123392,101837.0,101540.0,0.03143264083296238,-0.2603015568979905,-0.045872010215608494,101842.6,101540.0,0.036933352978740785,-0.2603015568979905,0.13918766268847804,102007.7,101540.0,0.19910613427631674,-0.2603015568979905,0.2763125583222781,102180.5,101540.0,0.3688423947743269,-0.2603015568979905,0.005697490746481293,0.7273709542753303,0.0011863852070043653,Q1_quiet
2025-11-09T01:00:00+00:00,101869.3,0.04780635579120229,101964.0,101828.8,0.0929622565385202,-0.039756825657977224,0.03995315566123203,101980.1,101753.6,0.10876682180009922,-0.11357690687969768,-0.16609518274887103,101980.1,101639.8,0.10876682180009922,-0.2252886787285302,0.08324392137768477,102088.3,101639.8,0.21498135355793035,-0.2252886787285302,-0.25346203419479574,102088.3,101534.3,0.21498135355793035,-0.32885275544251025,-0.10473042212832961,0.8469676340173171,0.03197221889594167,Q2
2025-11-09T09:20:00+00:00,102070.8,-0.1529330621490188,102072.1,101821.3,0.0012736257578138677,-0.2444381742868651,-0.1261869212350719,102072.1,101821.3,0.0012736257578138677,-0.2444381742868651,-0.4596809273562985,102072.1,101550.0,0.0012736257578138677,-0.5102340728200483,-0.3867903455248789,102072.1,101448.3,0.0012736257578138677,-0.6098707955654259,0.03546557879432477,102287.2,101448.3,0.21200970306884948,-0.6098707955654259,0.08354120581728353,0.478491400087007,0.027640799377108245,Q1_quiet
2025-11-09T18:20:00+00:00,103609.4,-0.03822047034341969,103610.1,103560.4,0.0006756143747788101,-0.04729300623302901,0.07200118908130548,103723.9,103547.7,0.11051120844247642,-0.05955058131791313,0.7375778645567044,104433.9,103547.7,0.7957772171250932,-0.05955058131791313,0.7243551260792902,104657.0,103547.7,1.0111051699942308,-0.05955058131791313,0.8856339289678328,105019.3,103547.7,1.3607838671008787,-0.05955058131791313,1.1968666979215392,1.7426990215173583,0.19188249663336618,Q3
2025-11-10T05:35:00+00:00,106094.8,0.019982129190121434,106200.0,106044.3,0.09915660333965626,-0.04759893981608476,-0.06267979203504748,106200.0,105979.1,0.09915660333965626,-0.10905341260833978,0.03779638587375622,106200.0,105979.1,0.09915660333965626,-0.10905341260833978,0.005655319582098528,106270.5,105904.2,0.1656066084294361,-0.17965065205834962,0.13355979746414448,106495.8,105904.2,0.37796385873765104,-0.17965065205834962,0.11058940757291413,1.006364119636398,0.020350755339468514,Q2
2025-11-10T12:15:00+00:00,105982.2,-0.020852558259776277,106020.9,105913.6,0.036515565821426677,-0.0647278505258364,-0.10397972489719631,106020.9,105869.4,0.036515565821426677,-0.10643296704541116,-0.0988845296663099,106020.9,105824.6,0.036515565821426677,-0.14870421636840048,0.15021390384422073,106527.6,105822.7,0.5146147183206384,-0.1504969702459502,0.2365491563677713,106556.3,105822.7,0.5416947374181857,-0.1504969702459502,-0.2709134554310322,0.7869245967719108,0.07701773628314101,Q1_quiet
2025-11-11T00:10:00+00:00,105840.1,-0.010015107695482417,105927.0,105784.0,0.08210498667329258,-0.053004485067575935,-0.15816311587008025,105927.0,105548.1,0.08210498667329258,-0.27588787236595413,-0.19831802880005966,105927.0,105548.1,0.08210498667329258,-0.27588787236595413,0.3445763940132407,106204.8,105454.8,0.3445763940132407,-0.3640397165157627,0.2788168189561402,107489.2,105454.8,1.5581051038311422,-0.3640397165157627,0.22736742424243062,0.9936687512577909,0.040481529564499935,Q2
2025-11-11T09:40:00+00:00,105025.0,0.002856462746958499,105077.6,104900.1,0.050083313496784854,-0.11892406569863345,-0.10797429183526663,105077.6,104849.1,0.050083313496784854,-0.16748393239703896,0.04037134015710819,105156.9,104849.1,0.12558914544156252,-0.16748393239703896,0.13720542727921892,105175.4,104849.1,0.1432039990478362,-0.16748393239703896,0.3781004522732667,105454.4,104849.1,0.40885503451557614,-0.16748393239703896,-0.7131823398506598,1.0320399904784658,0.12936415392001954,Q2
2025-11-11T14:55:00+00:00,104536.0,-0.32151603275427654,104537.2,104188.0,0.001147929899736333,-0.3328996709267673,-0.5491887962041808,104537.2,103899.8,0.001147929899736333,-0.6085941685161078,-0.8223961123440704,104537.2,103653.3,0.001147929899736333,-0.8443981020892277,-1.068627075839912,104537.2,103149.5,0.001147929899736333,-1.3263373383332056,-1.1052651718068351,104537.2,103149.5,0.001147929899736333,-1.3263373383332056,-0.3580157008376661,1.574577179153593,0.06787870025662418,Q3
2025-11-11T22:35:00+00:00,103020.0,-0.014560279557362943,103020.0,102941.7,0.0,-0.07600465928946365,0.05911473500290754,103119.4,102900.6,0.09648611920014538,-0.11589982527664411,-0.20529994175888522,103119.4,102758.0,0.09648611920014538,-0.2543195496020223,-0.09250630945447647,103179.3,102758.0,0.1546301688992502,-0.2543195496020223,-0.15327120947388195,103300.0,102758.0,0.27179188507084895,-0.2543195496020223,-0.07449309774891777,1.0691127936322988,0.012828222088595576,Q2
2025-11-12T06:10:00+00:00,103500.0,0.06763285024153909,103611.9,103432.6,0.10811594202897457,-0.06512077294685836,-0.02019323671497153,103611.9,103432.6,0.10811594202897457,-0.06512077294685836,-0.11014492753622651,103611.9,103344.9,0.10811594202897457,-0.14985507246377816,-0.04338164251207477,103611.9,103281.7,0.10811594202897457,-0.21091787439613263,-0.2537198067632862,103611.9,103002.8,0.10811594202897457,-0.4803864734299501,0.36684810277565205,0.6690821256038647,0.10677693414998893,Q1_quiet
2025-11-12T13:50:00+00:00,104996.6,0.003142958914859051,105027.1,104958.1,0.02904855966765485,-0.03666785400670003,-0.17086267555330714,105027.1,104700.8,0.02904855966765485,-0.2817234081865516,-0.1742913580058736,105027.1,104700.8,0.02904855966765485,-0.2817234081865516,-0.8330745947964124,105027.1,103542.4,0.02904855966765485,-1.3849972284816991,-2.8063765874323576,105027.1,101905.0,0.02904855966765485,-2.944476297327725,0.8729152255783523,1.2179442000979106,0.1626158857429245,Q2
2025-11-13T00:05:00+00:00,101742.2,-0.06251093449914924,101749.2,101567.5,0.006880134300213392,-0.17170849460695914,-0.28188893104336143,101792.7,101411.9,0.04963525459444895,-0.324644051337597,0.14330336871033467,102000.0,101411.9,0.25338551751388216,-0.324644051337597,0.26449202002709615,102013.2,101411.9,0.26635948505142615,-0.324644051337597,0.3384043199380349,102573.5,101411.9,0.8170650919677502,-0.324644051337597,0.4246288692356215,1.228988561285282,0.0843463257783696,Q2
2025-11-13T05:15:00+00:00,101927.0,0.02992337653417998,102010.7,101918.3,0.08211759396430374,-0.008535520519581397,0.3883171289255971,102377.5,101910.8,0.4419829878246295,-0.01589372786405807,0.7692760505067398,102793.2,101910.8,0.849823893570889,-0.01589372786405807,1.2978896661336004,103359.1,101910.8,1.4050251650691292,-0.01589372786405807,1.7382047936268075,103873.1,101910.8,1.9093076417435961,-0.01589372786405807,0.1909907040705816,1.6788485877147343,0.02545626056310388,Q3
2025-11-13T11:05:00+00:00,103060.9,-0.00591883051670461,103089.9,103053.8,0.02813870245650385,-0.006889130601417381,-0.15029948312114128,103093.2,102838.8,0.031340692736048226,-0.2155036488134643,-0.18057284576400434,103093.2,102648.7,0.031340692736048226,-0.3999576949163086,-0.21278680857628185,103116.9,102648.7,0.05433680474360436,-0.3999576949163086,-0.09470128826741808,103251.5,102648.7,0.18493919614519516,-0.3999576949163086,0.0702991110657969,1.4631154977299916,0.011425685698954293,Q3
2025-11-13T17:15:00+00:00,100479.2,-0.11395393275424048,100518.1,100255.0,0.038714480210844116,-0.2231307574104835,-0.07882228361690835,100518.1,100136.5,0.038714480210844116,-0.3410656135797274,-0.5040844274237899,100518.1,99767.6,0.038714480210844116,-0.7082062755276675,-1.2079116871949624,100518.1,98929.8,0.038714480210844116,-1.542010684798445,-2.003797800937901,100518.1,98084.5,0.038714480210844116,-2.3832793254723317,-2.400000000000002,3.062524383155914,0.2528914454156513,Q4_active
2025-11-14T03:55:00+00:00,99112.2,-0.15901170592519387,99148.6,98951.0,0.03672605390658834,-0.16264395301486267,-0.2513313194541067,99148.6,98750.3,0.03672605390658834,-0.3651417282635183,-0.17808100314592457,99148.6,98742.7,0.03672605390658834,-0.3728098054528117,-1.3507923343443085,99148.6,96650.0,0.03672605390658834,-2.4842552178238386,-1.6497464489739877,99148.6,96650.0,0.03672605390658834,-2.4842552178238386,-0.6926610790202736,1.832165969477011,0.0807414242165877,Q3
2025-11-14T15:25:00+00:00,96494.2,-0.0021762966064153844,96853.9,96434.8,0.372768518729627,-0.06155810401039519,0.24167255648526176,96853.9,96414.1,0.372768518729627,-0.08301017055946103,0.2674772162472028,97278.9,96414.1,0.8132094986019744,-0.08301017055946103,0.433393924194414,97278.9,96211.2,0.8132094986019744,-0.2932818760091327,0.18954507110273688,97367.6,96211.2,0.905132121930663,-0.2932818760091327,-0.48173859055108403,2.859757374018335,0.04000137020321894,Q4_active
2025-11-15T01:25:00+00:00,95088.7,0.15059623278055323,95283.4,95081.7,0.2047561907986939,-0.007361547691786541,0.3224357889002549,95405.7,95081.7,0.3333729454709111,-0.007361547691786541,0.5545348711256004,95760.1,95081.7,0.7060775886093884,-0.007361547691786541,0.7874752730871348,95840.3,95081.7,0.7904198921638406,-0.007361547691786541,1.6096549852926856,96795.5,95081.7,1.7949556571916547,-0.007361547691786541,0.20306440735120557,1.5780003302179966,0.020149948239624148,Q3
2025-11-15T08:25:00+00:00,95947.4,0.0023971467699945848,96036.5,95942.4,0.09286338139440353,-0.005211188630438457,-0.08400436072263373,96264.1,95839.1,0.33007668785189903,-0.11287434573525879,-0.063159606200891,96264.1,95605.9,0.33007668785189903,-0.35592418345885557,-0.039188138500878544,96264.1,95605.9,0.33007668785189903,-0.35592418345885557,-0.11808553436569724,96264.1,95605.9,0.33007668785189903,-0.35592418345885557,-0.695409716278228,0.9079975069673563,0.11727436161485902,Q2
2025-11-15T14:35:00+00:00,96278.9,-0.15247369880626582,96279.4,96099.5,0.0005193245872225916,-0.1863336618926792,-0.027212608370053015,96300.0,96043.6,0.0219154975804825,-0.24439415074329895,0.07571752481594363,96351.8,96043.6,0.07571752481594363,-0.24439415074329895,-0.11549778819658352,96382.7,96043.6,0.10781178430581129,-0.24439415074329895,-0.41795242779050223,96382.7,95677.4,0.10781178430581129,-0.6247474784194629,0.2933415835653541,0.9407045572809797,0.06407281001137521,Q2
2025-11-16T01:40:00+00:00,94969.3,-0.02021705961821052,95024.1,94805.5,0.057702857660313356,-0.1724767898678814,0.2886195854870932,95360.1,94805.5,0.41150140097905297,-0.1724767898678814,0.29651687440046537,95428.9,94805.5,0.48394586461097955,-0.1724767898678814,0.7608774625063042,95773.3,94805.5,0.846589371512696,-0.1724767898678814,0.8290047415322688,95946.5,94805.5,1.028964096818652,-0.1724767898678814,-0.4587713689771178,0.9003962333090859,0.08818729474341552,Q2
2025-11-16T08:05:00+00:00,95952.2,-0.026679951058961038,96047.0,95908.7,0.09879919376523105,-0.04533507308847051,-0.0021885897352968975,96047.0,95818.3,0.09879919376523105,-0.13954865026544194,-0.0666998776474137,96047.0,95818.3,0.09879919376523105,-0.13954865026544194,0.06961799729447993,96151.1,95818.3,0.20729071350109596,-0.13954865026544194,0.4444921533847124,96600.6,95818.3,0.6757531354153468,-0.13954865026544194,0.13451843132097352,0.6482394358857848,0.04247536824068069,Q1_quiet
2025-11-16T14:10:00+00:00,95416.0,-0.03856795505995381,95444.5,95309.7,0.029869204326327115,-0.11140689192588038,-0.046533076213628455,95444.5,95288.8,0.029869204326327115,-0.13331097509851064,0.1458874821832712,95636.1,95288.8,0.2306741007797486,-0.13331097509851064,-0.0011528464827770257,95636.1,95255.2,0.2306741007797486,-0.1685251949358646,-1.0936320952460776,95636.1,94313.0,0.2306741007797486,-1.1559906095413797,-0.6410389913320214,1.6013037645677968,0.10818600400688873,Q3
2025-11-16T23:35:00+00:00,94292.4,0.02672537765504579,94370.1,94222.9,0.08240324776971342,-0.07370689472322445,0.20351587190485798,94513.0,94222.9,0.23395310756753052,-0.07370689472322445,0.10828020073727629,94513.0,94086.7,0.23395310756753052,-0.21815119776354974,0.6688768129775147,94991.2,93729.7,0.7410989644976773,-0.5967607145432652,0.7169188609050137,95470.2,93729.7,1.2490932461152848,-0.5967607145432652,-0.024174258231979273,1.9057739542105199,0.0022286954311746578,Q3
2025-11-17T06:35:00+00:00,94913.0,-0.015171788901413574,94932.7,94875.1,0.020755850094289485,-0.03993130551135371,0.2726707616448776,95225.9,94875.1,0.3296703296703285,-0.03993130551135371,0.49740288474708905,95435.0,94875.1,0.5499773476763004,-0.03993130551135371,0.7690200499404609,95654.0,94875.1,0.7807149705519878,-0.03993130551135371,0.8398217314804057,95979.8,94875.1,1.1239766944465046,-0.03993130551135371,-0.05833519360123329,0.9148377988262966,0.009290002347653101,Q2
2025-11-17T13:30:00+00:00,94205.8,-0.11697793554111824,94340.1,94062.0,0.14256022452969752,-0.15264452931773587,-0.5375465204902508,94340.1,93690.6,0.14256022452969752,-0.5468877712412556,-0.10997199747786457,94340.1,93525.0,0.14256022452969752,-0.7226731262831021,0.66365340562895,94845.0,93525.0,0.6785144863691972,-0.7226731262831021,-0.02494538552827441,96011.3,93525.0,1.9165486626088857,-0.7226731262831021,-1.5949618051094294,1.8993522691808813,0.30280614774417514,Q3
2025-11-17T19:45:00+00:00,91918.8,-0.19179971888232394,91999.5,91663.4,0.08779487982870648,-0.27785393194864616,-0.38523131285439494,91999.5,91247.4,0.08779487982870648,-0.7304272901735076,-0.3384508936148056,91999.5,91247.4,0.08779487982870648,-0.7304272901735076,-0.038294668772875795,92079.1,91247.4,0.17439305125828142,-0.7304272901735076,-0.29982984982398486,92228.2,91247.4,0.3366014351797286,-0.7304272901735076,-3.520315893220194,4.230799357693974,0.33693653871269047,Q4_active
2025-11-18T01:25:00+00:00,91755.5,0.2357351875364344,92025.0,91753.9,0.2937153631117573,-0.001743764678963089,0.12391627749834822,92025.0,91679.6,0.2937153631117573,-0.08271983695800067,-0.07541782236486494,92025.0,91572.9,0.2937153631117573,-0.19900714398592978,-0.12173657164965546,92025.0,90710.2,0.2937153631117573,-1.139223261820821,-1.9169423086354387,92025.0,89982.0,0.2937153631117573,-1.9328541613309325,0.018203857037590865,1.3215556560642046,0.0023951924042277515,Q3
2025-11-18T13:20:00+00:00,91343.2,-0.10203277310187886,91359.4,91234.1,0.01773531034603426,-0.11943965177483307,-0.2987633452736449,91359.4,90888.0,0.01773531034603426,-0.4983403252787233,0.1059739531787729,91456.1,90888.0,0.12359978630047674,-0.4983403252787233,0.151188046838735,91528.7,90888.0,0.20308025118453976,-0.4983403252787233,1.462396762977436,92888.1,90888.0,1.6913136391105255,-0.4983403252787233,0.5403275426158594,1.238625316389172,0.06812094972454479,Q2
2025-11-18T22:55:00+00:00,93119.6,-0.05863427248399278,93131.4,93010.9,0.012671875738279326,-0.11673160108077729,-0.3553494645595623,93131.4,92685.3,0.012671875738279326,-0.4663894604358343,-0.3503021920197358,93131.4,92685.3,0.012671875738279326,-0.4663894604358343,-0.21767705187738517,93131.4,92685.3,0.012671875738279326,-0.4663894604358343,-0.7968247286285646,93131.4,91892.9,0.012671875738279326,-1.3173381328957734,-0.09816427442654874,1.4044304314021998,0.013490600810910374,Q3
2025-11-19T05:35:00+00:00,90552.3,-0.27553137799923855,90562.4,90301.8,0.01115377522160621,-0.2766357121795959,-0.2745374772369136,90562.4,89968.5,0.01115377522160621,-0.6447102944928007,-0.022417983861267032,90647.1,89968.5,0.10469088029789742,-0.6447102944928007,0.3229073143365735,90972.1,89968.5,0.46359948891414593,-0.6447102944928007,1.2526462607796773,91779.8,89968.5,1.3555702063890118,-0.6447102944928007,-1.8659623881457588,2.6527211346371167,0.24887257169287916,Q4_active
2025-11-19T12:50:00+00:00,91640.5,0.10497542025631468,91833.6,91640.5,0.21071469492202066,0.0,0.016913919064176497,91833.6,91500.8,0.21071469492202066,-0.15244351569447812,0.011130449964813494,91833.6,91500.8,0.21071469492202066,-0.15244351569447812,-0.35541054446450726,91863.5,91200.0,0.24334219040706984,-0.4806826675978426,-0.05685259246731578,91863.5,91006.2,0.24334219040706984,-0.6921612169291991,-0.16504706292487237,0.9619109454880757,0.02979526815741369,Q2
2025-11-19T19:10:00+00:00,89121.0,-0.018850775911405382,89180.2,88947.8,0.06642654368778089,-0.19434252308658806,-0.22463841294420028,89180.2,88820.2,0.06642654368778089,-0.337518654413671,-0.48338775372808174,89180.2,88638.7,0.06642654368778089,-0.5411743584564865,-0.4841732027243806,89180.2,88568.0,0.06642654368778089,-0.6205047070836245,0.5820177062645149,89887.6,88568.0,0.8601788579571723,-0.6205047070836245,-2.549410896366966,4.018132651114777,0.24876497764689517,Q4_active
2025-11-20T00:10:00+00:00,91444.3,0.23883391310337565,91690.1,91382.8,0.2687975084286309,-0.06725405520081607,0.39729102852774645,91858.7,91382.8,0.4531720402474404,-0.06725405520081607,0.8124071155883872,92272.8,91382.8,0.9060160119329419,-0.06725405520081607,0.7940352761188985,92300.2,91382.8,0.935979607258175,-0.06725405520081607,1.2960895320976773,92760.0,91382.8,1.4387993565481816,-0.06725405520081607,2.606905218747557,3.2666880275752526,0.28636402854642556,Q4_active
2025-11-20T05:55:00+00:00,92581.3,0.027759385534653624,92680.2,92572.0,0.10682502838046393,-0.010045225115662415,0.08273809073753302,92820.2,92572.0,0.2580434709817059,-0.010045225115662415,-0.17066081379285558,92820.2,92366.9,0.2580434709817059,-0.23158024352650797,-0.6948487437527961,92820.2,91638.1,0.2580434709817059,-1.018780250439344,-0.3388373246001053,92820.2,91638.1,0.2580434709817059,-1.018780250439344,0.7957504812172944,1.4663868405390783,0.11767641802579411,Q3
2025-11-20T11:55:00+00:00,91892.8,-0.011644002576916002,91907.1,91829.1,0.015561610920555857,-0.0693199031915448,-0.2557327668761822,91968.2,91648.2,0.08205213030836322,-0.2661797224592144,-0.2114420281023155,91968.2,91648.2,0.08205213030836322,-0.2661797224592144,-0.10381662110634515,91968.2,91648.2,0.08205213030836322,-0.2661797224592144,-0.44954555743214053,92499.7,91440.7,0.6604434732644826,-0.49198631448819086,-0.0491635667514978,1.09954207511362,0.00867529077578526,Q2
2025-11-21T01:15:00+00:00,86896.0,0.26940250414289046,87300.1,86799.9,0.46503866691218754,-0.11059197201253035,0.17054870189652238,87370.6,86799.9,0.5461701344135594,-0.11059197201253035,0.25133492911064703,87370.6,86799.9,0.5461701344135594,-0.11059197201253035,-0.6010633400847065,87370.6,86135.9,0.5461701344135594,-0.8747238077702169,-1.6225142699318629,87370.6,85300.0,0.5461701344135594,-1.83667832811637,0.3253508085279355,2.1686844043454245,0.032850714602131445,Q4_active
2025-11-21T06:35:00+00:00,85637.5,-0.007473361553056446,85744.6,85538.7,0.12506203473945376,-0.11537001897533594,-0.06037074879579052,85744.6,85517.4,0.12506203473945376,-0.14024230039411112,-0.18648372500364996,85744.6,85411.2,0.12506203473945376,-0.2642533936651592,-1.8618011969055548,85744.6,81164.7,0.12506203473945376,-5.222945555393377,-1.9547511312217214,85744.6,81164.7,0.12506203473945376,-5.222945555393377,-1.6443242845920247,2.335425485330609,0.172168308140024,Q4_active
2025-11-21T19:25:00+00:00,84848.6,-0.28120676121939914,84956.0,84584.1,0.1265783996435843,-0.3117317197926628,-0.5213992923866817,84956.0,84305.7,0.1265783996435843,-0.6398455602096065,-0.8029596245547999,84956.0,84035.8,0.1265783996435843,-0.9579415570793226,-1.5883585586562554,84956.0,83464.9,0.1265783996435843,-1.6307870725032703,0.07790346570242246,84956.0,83418.3,0.1265783996435843,-1.685708426538568,1.4430618256943806,3.829055517710362,0.0772005679710387,Q4_active
2025-11-22T01:50:00+00:00,85099.5,0.05111663405776845,85147.6,84983.2,0.05652207122250896,-0.13666355266482855,-0.25581818929605316,85172.6,84757.4,0.08589944711778763,-0.4020000117509581,-0.616219836779297,85172.6,84541.6,0.08589944711778763,-0.6555855204789629,-0.7911914876115644,85172.6,84243.2,0.08589944711778763,-1.006233879164986,-0.8691002884858356,85172.6,84177.9,0.08589944711778763,-1.082967585003447,0.7500059195415965,1.788847173015121,0.08352340896805495,Q3
2025-11-22T07:20:00+00:00,84459.7,-0.008287976395848773,84459.7,84360.7,0.0,-0.11721566616977874,0.07885417542332629,84563.1,84356.8,0.12242525133290272,-0.12183325301888814,0.10798049247155994,84625.7,84356.8,0.19654344024429005,-0.12183325301888814,-0.2166713829198974,84625.7,84163.5,0.19654344024429005,-0.3506998012069662,-0.502488168913684,84625.7,83896.5,0.19654344024429005,-0.6668269008769823,-0.13644677925300774,1.1514367207082195,0.02207260625071907,Q2
2025-11-22T13:15:00+00:00,83992.0,-0.19335174778549735,84045.7,83796.1,0.06393466044385399,-0.23323649871415109,-0.16561101057244176,84045.7,83749.9,0.06393466044385399,-0.2882417373083257,-0.037146394894749246,84045.7,83666.3,0.06393466044385399,-0.38777502619297133,0.48076007238784246,84712.8,83666.3,0.8581769692351582,-0.38777502619297133,0.39039432326888335,84712.8,83666.3,0.8581769692351582,-0.38777502619297133,-0.29392352290372736,1.0293837508334196,0.039433030737379304,Q2
2025-11-22T18:50:00+00:00,84575.4,0.058291181596548114,84624.9,84529.9,0.058527656978268894,-0.05379814934366456,0.16801575871945307,84763.7,84529.9,0.22264157189915146,-0.05379814934366456,0.036180733404744814,84763.7,84529.9,0.22264157189915146,-0.05379814934366456,0.051906346289820604,84763.7,84463.0,0.22264157189915146,-0.13289916453247397,-0.38781962603783304,84776.7,84195.8,0.23801247171164608,-0.44883027452425894,0.856937064137897,1.2275437065624248,0.16676723137618904,Q2
2025-11-23T01:35:00+00:00,85657.0,0.2102571885543636,85881.1,85611.5,0.2616248526098319,-0.05311883442100651,0.17406633433345586,86127.8,85611.5,0.5496340053936066,-0.05311883442100651,0.012258192558700642,86127.8,85611.5,0.5496340053936066,-0.05311883442100651,0.6645107813722184,86241.7,85611.5,0.6826062084826612,-0.05311883442100651,0.39564775791820495,86312.8,85611.5,0.7656116838086868,-0.05311883442100651,1.3194703193106339,1.7472010460324217,0.20255669953332842,Q3
2025-11-23T10:50:00+00:00,86220.2,-0.22778884762503226,86244.7,86000.0,0.028415614902299602,-0.2553925878158503,-0.37149067155957116,86244.7,85777.8,0.028415614902299602,-0.5131048176645336,-0.2923908782396567,86244.7,85777.8,0.028415614902299602,-0.5131048176645336,0.02424025924321338,86380.0,85777.8,0.1853393984240448,-0.5131048176645336,0.42263877838373265,86856.9,85777.8,0.7384580411550878,-0.5131048176645336,-0.01762617208246331,1.2712798160987697,0.0037044258139981496,Q2
2025-11-23T17:50:00+00:00,86634.4,0.074797078296851,86750.0,86625.5,0.1334342939987021,-0.010273055506815343,0.235933993886972,86894.3,86625.5,0.2999963063171407,-0.010273055506815343,0.38171904001182977,87138.9,86625.5,0.5823321913697166,-0.010273055506815343,0.459286380467816,87223.4,86625.5,0.6798685048895026,-0.010273055506815343,0.9895607287636388,87639.5,86625.5,1.1601627067308273,-0.010273055506815343,0.057516001690816054,1.3864007830607772,0.0084002428985878,Q3
2025-11-24T05:50:00+00:00,87372.1,0.061003455336416934,87437.5,87223.6,0.07485226977490544,-0.1699627226540268,-0.42782535843822744,87475.2,86869.2,0.11800105525676674,-0.5755841967859388,-0.36109925250737973,87475.2,86869.2,0.11800105525676674,-0.5755841967859388,-0.5104604330215201,87475.2,86760.6,0.11800105525676674,-0.6998801676965538,-0.32802233207168685,87475.2,86642.0,0.11800105525676674,-0.8356214397960082,0.6220057121798517,1.899004373249581,0.06679363351925,Q3
2025-11-24T14:10:00+00:00,86023.0,-0.03626936981969697,86065.6,85948.0,0.04952163956151168,-0.08718598514351195,-0.1489136626251164,86065.6,85871.2,0.04952163956151168,-0.17646443393046773,-0.5686851190960573,86634.1,85374.9,0.7103914069493067,-0.753403159620103,0.5553166013740451,86700.1,85225.9,0.7871150738755883,-0.9266126501052074,0.9468397986585053,87182.7,85225.9,1.348127826279022,-0.9266126501052074,-0.633695114795163,1.0744800809085975,0.09257196854645598,Q2
2025-11-24T19:40:00+00:00,88387.0,-0.15183228302804164,88419.1,88216.6,0.03631755801192238,-0.19278853225020987,-0.12422641338658558,88419.1,88051.0,0.03631755801192238,-0.3801464016201517,0.23928858316268897,88723.7,88051.0,0.380938373290185,-0.3801464016201517,0.5590188602396351,88922.3,88051.0,0.6056320499621126,-0.3801464016201517,0.3783361806600549,89177.4,88051.0,0.8942491542873965,-0.3801464016201517,3.3357573263435025,4.031248939323663,0.3565697718013403,Q4_active
2025-11-25T04:10:00+00:00,88086.4,-0.08548425182546282,88086.4,87963.3,0.0,-0.13974915537471322,-0.10762160787588515,88086.4,87900.0,0.0,-0.21161041886147425,0.03541976968068905,88290.4,87900.0,0.23159080175827462,-0.21161041886147425,0.06539034402586186,88477.6,87900.0,0.4441094198423423,-0.21161041886147425,-0.05154030588149228,88477.6,87884.0,0.4441094198423423,-0.22977440331309884,-0.4341560181077342,1.3255167653576392,0.07440193704600596,Q3
2025-11-25T11:25:00+00:00,87384.5,-0.03547539895518703,87384.5,87312.9,0.0,-0.0819367279094152,0.009154941665845406,87485.2,87312.9,0.11523782821896145,-0.0819367279094152,-0.08319553238846922,87489.3,87270.4,0.11992973582271027,-0.13057235550928414,0.22566931206335905,87669.2,87270.4,0.32580148653365004,-0.13057235550928414,0.21102140539797087,87726.9,87270.4,0.39183150329862304,-0.13057235550928414,-0.5979965919768127,1.5957063323587235,0.11107354898687825,Q3
2025-11-25T20:05:00+00:00,86866.1,0.21446801456492803,87075.0,86768.0,0.24048506839837724,-0.112932432790247,-0.007713020384259028,87100.9,86768.0,0.27030107257028924,-0.112932432790247,0.3234863773094343,87318.6,86768.0,0.5209166752047079,-0.112932432790247,0.2500400040982509,87427.2,86768.0,0.6459366772538333,-0.112932432790247,-0.0026477532662383396,87427.2,86591.4,0.6459366772538333,-0.31623383575412056,0.2923352064184481,2.2825935549080576,0.03283280168054282,Q4_active
2025-11-26T02:00:00+00:00,87850.2,-0.04735333556439292,87873.5,87785.2,0.026522421121422113,-0.0739895868193785,0.11280566236617773,88047.0,87785.2,0.224017702862378,-0.0739895868193785,-0.14319830802890232,88047.0,87609.6,0.224017702862378,-0.2738753013652673,-0.22572515486589673,88047.0,87609.6,0.224017702862378,-0.2738753013652673,-0.7467256762079044,88047.0,87030.8,0.224017702862378,-0.9327241144584719,0.6446512960045725,1.902784512727354,0.08124341259872081,Q3
2025-11-26T09:10:00+00:00,87325.5,-0.05153133964306278,87331.2,87224.6,0.006527303021441888,-0.11554471488853801,-0.28662876250351577,87331.2,87062.6,0.006527303021441888,-0.30105753760355514,-0.4586289228232343,87331.2,86900.5,0.006527303021441888,-0.4866848744066732,-0.5030603890043617,87331.2,86701.6,0.006527303021441888,-0.7144533956289889,-0.4375583306136299,87331.2,86629.6,0.006527303021441888,-0.7969035390578805,0.5208753007263534,1.2218653199809906,0.12447390861826925,Q2
2025-11-26T14:40:00+00:00,87248.0,0.3901522097927712,87588.4,87239.5,0.3901522097927712,-0.00974234366404314,-0.4471162662754491,87647.2,86755.1,0.4575463047863604,-0.564941316706391,-0.309233449477353,87647.2,86755.1,0.4575463047863604,-0.564941316706391,-0.47324867045662744,87647.2,86755.1,0.4575463047863604,-0.564941316706391,0.3800660187053051,87914.0,86615.4,0.7633412800293504,-0.7250596002200682,0.3715846994535532,1.4522969007885635,0.0663980594499033,Q3
2025-11-26T20:05:00+00:00,89576.1,0.39921362952839434,89959.8,89576.1,0.4283508659117752,0.0,0.4404076533807588,89985.8,89576.1,0.45737646537413745,0.0,0.3112437357732478,90069.6,89576.1,0.5509282051797237,0.0,0.2866836131512729,90069.6,89576.1,0.5509282051797237,0.0,0.7595776105456586,90466.4,89576.1,0.9939035077436875,0.0,2.8221654661807483,4.185379805550817,0.2913516460076321,Q4_active
2025-11-27T01:15:00+00:00,90651.2,-0.030997934941834338,90661.0,90544.6,0.010810667702143562,-0.11759358949466892,-0.05482552906083127,90713.4,90540.7,0.06861464602785361,-0.12189579398839134,-0.06276806043383765,90713.4,90540.7,0.06861464602785361,-0.12189579398839134,0.4379423548723116,91195.5,90540.7,0.6004333092115788,-0.12189579398839134,0.9278421024763173,91848.0,90540.7,1.320225214889592,-0.12189579398839134,0.9446242827347406,1.428442204846719,0.17457965466856093,Q3
2025-11-27T16:00:00+00:00,90909.0,-0.11726011726012064,90931.6,90799.9,0.024860024860040575,-0.12001012001012779,0.28798028798029396,91327.2,90799.9,0.4600204600204494,-0.12001012001012779,0.3459503459503521,91327.2,90799.9,0.4600204600204494,-0.12001012001012779,0.549780549780543,91520.6,90799.9,0.672760672760675,-0.12001012001012779,0.5001705001705048,91597.0,90799.9,0.7568007568007573,-0.12001012001012779,-0.7114429382134579,1.2844712844712973,0.14214017631142262,Q3
2025-11-27T23:00:00+00:00,91431.3,-0.08191943021701453,91467.3,91329.6,0.03937382493741648,-0.11123105544819101,-0.01465581261560489,91524.4,91329.6,0.1018250861575698,-0.11123105544819101,-0.26621080527129415,91524.4,91173.5,0.1018250861575698,-0.2819603352462452,-0.2913663045368553,91524.4,91126.4,0.1018250861575698,-0.3334744228727038,-0.43562762423808854,91524.4,91027.5,0.1018250861575698,-0.44164306971463674,0.07398999821592867,0.8119757675981794,0.017437061494017105,Q1_quiet
2025-11-28T08:55:00+00:00,91650.4,-0.1513359461606245,91727.8,91475.0,0.08445134991228453,-0.1913794156926718,-0.026186465089073074,91854.1,91475.0,0.22225762244356684,-0.1913794156926718,-0.06764836814678876,91854.1,91463.6,0.22225762244356684,-0.20381798660997763,-0.09721725164318906,91854.1,91399.6,0.22225762244356684,-0.27364856018085026,0.1667204944004741,91854.1,91399.6,0.22225762244356684,-0.27364856018085026,0.5286919590559824,0.9466407129701466,0.13073668221764276,Q2
2025-11-28T20:05:00+00:00,90926.1,0.05806913526478219,90980.6,90908.5,0.05993878545325071,-0.019356378421608866,0.18575524519361952,91151.2,90896.2,0.24756368083531655,-0.03288384743215245,0.19103425749043002,91177.1,90896.2,0.27604835135346395,-0.03288384743215245,0.2128101832147289,91219.6,90896.2,0.32278960606471063,-0.03288384743215245,-0.03640318896335204,91219.6,90703.2,0.32278960606471063,-0.24514413353262654,-1.1147229342552745,2.845167669129106,0.1362126245847192,Q4_active
2025-11-29T05:50:00+00:00,90698.5,0.01587677855752201,90746.5,90698.5,0.052922595191762234,0.0,0.023594657022996124,90746.5,90675.4,0.052922595191762234,-0.025468998936040155,-0.2777333693500972,90790.8,90302.9,0.10176574033748942,-0.436170388705448,-0.25722586371329514,90790.8,90265.6,0.10176574033748942,-0.47729565538568997,-0.29746908714036735,90790.8,90265.6,0.10176574033748942,-0.47729565538568997,-0.14862358050719005,0.6398121247870725,0.05432158377595212,Q1_quiet
2025-11-29T14:50:00+00:00,90611.7,-0.03277722413330686,90611.7,90571.6,0.0,-0.044254770631158014,0.0414957450307174,90652.4,90571.6,0.044916936775263316,-0.044254770631158014,0.35525213631353303,91068.5,90571.6,0.5041291577136287,-0.044254770631158014,0.3931059675516435,91068.5,90571.6,0.5041291577136287,-0.044254770631158014,0.3884708045428953,91131.7,90571.6,0.573877324892913,-0.044254770631158014,0.08681907501233432,0.4809533426698792,0.03734321550740795,Q1_quiet
2025-11-29T21:25:00+00:00,90908.2,0.03201031370108076,90937.9,90873.1,0.03267032016913696,-0.03861037838169823,0.08943087642259151,91021.5,90873.1,0.12463122138597349,-0.03861037838169823,0.06754066189849084,91021.5,90873.1,0.12463122138597349,-0.03861037838169823,-0.23606231341065653,91021.5,90666.2,0.12463122138597349,-0.26620260878557067,-0.14223139386766448,91021.5,90652.6,0.12463122138597349,-0.28116275539499247,0.04412989817108581,0.9973797743217852,0.011207691662704708,Q2
2025-11-30T05:20:00+00:00,90647.9,-0.011362646018264755,90681.0,90637.6,0.03651491099077031,-0.011362646018264755,0.03651491099077031,90717.1,90637.6,0.07633933053055042,-0.011362646018264755,0.13513826575133336,90770.9,90637.6,0.13568985050949056,-0.011362646018264755,0.20618238260345922,90836.0,90637.6,0.20750618602307647,-0.011362646018264755,0.2890304132803889,90931.1,90637.6,0.31241760702676036,-0.011362646018264755,-0.19048478929409862,0.6642183657867323,0.07898100803506125,Q1_quiet
2025-11-30T16:45:00+00:00,91789.5,-0.00708141998811973,91819.7,91762.0,0.03290136671405541,-0.02995985379591337,-0.21788984578846593,91819.7,91589.5,0.03290136671405541,-0.21788984578846593,-0.36910539876565673,91819.7,91312.8,0.03290136671405541,-0.5193404474368002,-0.32138752253798586,91819.7,91268.8,0.03290136671405541,-0.5672762135102594,-0.467809498907823,91819.7,91099.5,0.03290136671405541,-0.751719967970188,0.7689174665245213,1.082476753877068,0.1798202824133476,Q2
2025-11-30T22:55:00+00:00,91179.4,-0.193464751906669,91213.6,90998.2,0.03750847230845622,-0.19872909889733226,-0.2730880001403868,91213.6,90818.5,0.03750847230845622,-0.3958130893600864,-0.6187801191935849,91213.6,90600.0,0.03750847230845622,-0.635450551330663,-0.9424277852233987,91213.6,90298.8,0.03750847230845622,-0.9657883249944543,-4.61639361522449,91213.6,86940.4,0.03750847230845622,-4.649076436124822,-0.2896845402064474,0.8245283474118089,0.09620483021609229,Q1_quiet
2025-12-01T08:40:00+00:00,86748.4,0.01164286603556608,86790.4,86689.7,0.04841587856374563,-0.06766695408790824,0.07550571537919826,86842.4,86689.7,0.1083593472617439,-0.06766695408790824,-0.16957085087446755,86886.4,86554.6,0.15908074385233562,-0.22340469680131037,0.05464077723624783,86886.4,86469.9,0.15908074385233562,-0.32104338523822884,-0.18467199395031386,86886.4,86469.9,0.15908074385233562,-0.32104338523822884,0.38035309078832125,1.3677485694260645,0.06253924161418566,Q3
2025-12-01T17:50:00+00:00,85134.9,-0.2551245141534153,85151.5,84865.1,0.01949846655133758,-0.3169088117798813,-0.22129584929329038,85151.5,84865.1,0.01949846655133758,-0.3169088117798813,0.3396961763037387,85529.3,84865.1,0.4632647715566707,-0.3169088117798813,-0.2454927415196373,85529.3,84677.4,0.4632647715566707,-0.5373824365800584,-0.1798322427112642,85529.3,84566.0,0.4632647715566707,-0.6682335916292748,-0.27690804755229337,3.333533016424522,0.022957251345000602,Q4_active
2025-12-02T03:25:00+00:00,86303.6,-0.13081725443667702,86316.1,86158.3,0.014483752705563013,-0.16835914144949227,0.7295176562738925,86937.7,86158.3,0.7347318072479014,-0.16835914144949227,0.7325302768366626,87066.8,86158.3,0.8843200051909639,-0.16835914144949227,0.7901176775939822,87243.2,86158.3,1.0887147233719086,-0.16835914144949227,0.6602273833304695,87243.2,86158.3,1.0887147233719086,-0.16835914144949227,-0.08601737249920305,1.3820976181758382,0.012751643297233183,Q3
2025-12-02T10:45:00+00:00,87151.6,0.11026762560870651,87580.6,87151.6,0.49224569600558876,0.0,0.07366474052110661,87580.6,87151.6,0.49224569600558876,0.0,-0.07194360172390057,87580.6,86953.6,0.49224569600558876,-0.22719032123335037,0.2290262026170442,87580.6,86953.6,0.49224569600558876,-0.22719032123335037,0.09925233730647687,87580.6,86953.6,0.49224569600558876,-0.22719032123335037,0.21894822058574626,1.109331326103007,0.04385277995301686,Q2
2025-12-02T19:20:00+00:00,91900.4,0.07214332037728255,92014.1,91880.5,0.1237208978415838,-0.021653877458638338,0.3380834033366753,92226.7,91880.5,0.3550583022489562,-0.021653877458638338,-0.0215450640040582,92266.8,91863.1,0.39869249752995106,-0.04058741855311743,-0.7448280965044796,92266.8,91152.5,0.39869249752995106,-0.8138158266993378,-0.7364494605028749,92266.8,90666.9,0.39869249752995106,-1.3422139620719808,3.8179770381391087,4.190406135337822,0.32500552943099786,Q4_active
2025-12-03T00:35:00+00:00,91113.8,0.36108690450842307,91451.7,91097.4,0.3708549089161073,-0.017999468796170426,0.4391211869112954,91715.9,91097.4,0.6608219611079713,-0.017999468796170426,0.45349881137652925,91715.9,91097.4,0.6608219611079713,-0.017999468796170426,0.7612458266475386,91978.1,91097.4,0.9485939561295842,-0.017999468796170426,1.6740603509018515,93020.4,91097.4,2.092548000412653,-0.017999468796170426,-1.1899868887802034,1.755935983352696,0.16321825402728082,Q3
2025-12-03T08:25:00+00:00,92877.8,-0.1017465960649333,92963.7,92761.4,0.09248711748124361,-0.12532596594666545,-0.10906804424739569,92963.7,92701.8,0.09248711748124361,-0.18949630589871758,-0.1478286522721306,92963.7,92636.8,0.09248711748124361,-0.25948073705449604,0.020241650857366622,92963.7,92636.8,0.09248711748124361,-0.25948073705449604,0.312022894599151,93338.9,92636.8,0.4964587877835047,-0.25948073705449604,0.08620894029816029,1.4423252919427525,0.012892412815058495,Q3
2025-12-03T16:10:00+00:00,91995.2,0.22207680400716523,92243.0,91943.0,0.2693618797502406,-0.05674209089169269,0.27316642607440045,92252.6,91943.0,0.27979720681079456,-0.05674209089169269,0.7527566655651574,92713.0,91943.0,0.7802581004226372,-0.05674209089169269,0.642859627458825,92713.0,91943.0,0.7802581004226372,-0.05674209089169269,1.5101874880428579,93471.7,91943.0,1.6049750421761155,-0.05674209089169269,-0.7604091041973127,2.1846792006539504,0.06819918923364333,Q4_active
2025-12-03T21:55:00+00:00,93644.6,-0.18089670947391,93771.2,93382.1,0.1351919918500366,-0.2803151489781608,-0.009717591831248651,93771.2,93382.1,0.1351919918500366,-0.2803151489781608,-0.31000185808899294,93771.2,93305.3,0.1351919918500366,-0.3623273525649173,0.10080666690870377,94147.0,93239.7,0.5364964984633236,-0.43237944312860543,-0.2865087789365339,94147.0,93239.7,0.5364964984633236,-0.43237944312860543,1.552712855482108,1.670251141016146,0.22250885808416668,Q3
2025-12-04T07:05:00+00:00,92969.8,0.049908680022969776,93017.2,92852.0,0.05098429812691041,-0.12670781264454423,0.04367009502008745,93133.7,92852.0,0.17629380723631627,-0.12670781264454423,0.21921096958368302,93226.1,92852.0,0.27568092004071065,-0.12670781264454423,0.26954989684822017,93577.1,92852.0,0.6532228745248503,-0.12670781264454423,0.5785749781111571,93592.3,92852.0,0.6695722697047879,-0.12670781264454423,-0.4269110319979674,1.401100142196704,0.08440623411824295,Q3
2025-12-04T15:30:00+00:00,92454.6,0.8054764176147033,93234.0,92450.0,0.8430083522074527,-0.004975414960428637,0.30479824692333235,93234.0,92450.0,0.8430083522074527,-0.004975414960428637,0.08112089609386697,93234.0,92450.0,0.8430083522074527,-0.004975414960428637,0.30155341107958034,93234.0,92433.1,0.8430083522074527,-0.023254656880244973,-0.41804301787039533,93234.0,91907.4,0.8430083522074527,-0.5918580579008625,-0.8963370450247976,1.7170589673201766,0.14893844400113762,Q3
2025-12-04T20:35:00+00:00,92157.8,0.129777403540432,92315.2,92056.9,0.1707940076694392,-0.10948612054542117,0.26226754544922404,92501.1,92056.9,0.37251323273777004,-0.10948612054542117,0.4593208605240262,92677.6,92056.9,0.5640325615411834,-0.10948612054542117,0.15213036769541333,92677.6,92056.9,0.5640325615411834,-0.10948612054542117,0.18121092300380504,92677.6,92035.6,0.5640325615411834,-0.13259865144349403,-1.1174976636090572,2.5683121775910545,0.12863583029704193,Q4_active
2025-12-05T07:00:00+00:00,92191.9,0.23375155518001733,92408.6,92191.9,0.23505318796988028,0.0,0.1400339943097073,92420.5,92191.9,0.24796104646938044,0.0,0.18060154959382846,92456.5,92191.9,0.28701003016533555,0.0,-0.14610828066239367,92456.5,92054.5,0.28701003016533555,-0.14903695443959641,-0.21487787972694905,92456.5,91857.2,0.28701003016533555,-0.3630470789733109,-0.1065118506623719,0.9930373492682113,0.02554772981261572,Q2
2025-12-05T12:15:00+00:00,91250.2,-0.13906818834369394,91250.2,91027.8,0.0,-0.24372549320439418,-0.05556152205693499,91250.2,91027.8,0.0,-0.24372549320439418,-0.08526008710117994,91253.4,91027.8,0.0035068416288419613,-0.24372549320439418,-0.24843781164315404,91320.3,90918.0,0.07682174943179909,-0.36405399659397153,-0.9426828653526176,91320.3,90194.7,0.07682174943179909,-1.156709793512778,-1.159866119301134,1.6619141656675822,0.22563108432719228,Q3
2025-12-05T18:30:00+00:00,89252.7,-0.008627189989762751,89253.4,89117.0,0.0007842899990562202,-0.15204021839114734,-0.10005299559565639,89253.4,88958.3,0.0007842899990562202,-0.3298499653231701,-0.5038503036882913,89253.4,88774.4,0.0007842899990562202,-0.5358941522217275,0.11652308557612567,89490.1,88774.4,0.2659863511131899,-0.5358941522217275,0.15215225981959346,89761.8,88774.4,0.570402912180823,-0.5358941522217275,-1.7775253967572624,3.861507831135641,0.16797004991680578,Q4_active
2025-12-06T04:25:00+00:00,89579.4,0.043648428098430614,89618.8,89540.4,0.04398332652373327,-0.043536795289988994,-0.04777884201053739,89618.8,89506.8,0.04398332652373327,-0.08104541892443029,0.03706209240073033,89650.5,89506.8,0.07937092679790592,-0.08104541892443029,-0.01585185879788842,89697.1,89505.8,0.13139181552903612,-0.08216174700879098,0.1356338622495734,89717.7,89475.8,0.1543881740668107,-0.11565158953954491,0.42725029512893364,0.8402601490967757,0.12011851104736916,Q1_quiet
2025-12-06T13:30:00+00:00,89647.7,0.005465840172158565,89730.9,89645.6,0.09280773516777696,-0.002342502930907653,0.034579805170675826,89745.8,89645.2,0.1094283512014238,-0.002788693965383171,-0.028110035171002856,89745.8,89596.5,0.1094283512014238,-0.057112452410934544,0.35427568136159326,90249.4,89596.5,0.6711828635871164,-0.057112452410934544,-0.09972369620190324,90249.4,89429.9,0.6711828635871164,-0.24295101826371512,0.45922192252394467,0.5194779118705908,0.2166878172588851,Q1_quiet
2025-12-07T06:55:00+00:00,89667.1,-0.15702526344668621,89698.1,89510.5,0.03457232362817919,-0.17464599613459253,-0.26375337219559647,89698.1,89373.4,0.03457232362817919,-0.3275448854708318,-0.34940351589379803,89698.1,89279.0,0.03457232362817919,-0.4328231870998511,-0.36914319744922874,89698.1,89154.7,0.03457232362817919,-0.5714470524863735,-0.4438640259359361,89698.1,89139.8,0.03457232362817919,-0.5880640725528075,0.4656504372475556,0.55672593403825,0.19888973966309564,Q1_quiet
2025-12-07T17:40:00+00:00,90813.2,0.23840146586620037,91042.9,90682.5,0.25293679773423783,-0.14392180872383475,0.0996551162165904,91099.0,90682.5,0.31471195817347475,-0.14392180872383475,0.5174357912726357,91440.2,90682.5,0.6904282637325787,-0.14392180872383475,0.5753568864438119,91721.3,90682.5,0.9999647628318398,-0.14392180872383475,0.5704016596706163,91721.3,90682.5,0.9999647628318398,-0.14392180872383475,1.7213955759864952,3.926962159686034,0.1839465683575508,Q4_active
2025-12-07T23:45:00+00:00,90076.4,0.08759231052750671,90156.1,90045.0,0.08848044548850353,-0.03485929721880332,0.27676505721809797,90442.4,90045.0,0.40632174465231596,-0.03485929721880332,-0.24046254068766926,90442.4,89858.9,0.40632174465231596,-0.24146169251879623,0.28853284545120594,90570.4,89806.0,0.5484233384104975,-0.30018961681416156,1.1042848071193045,91650.4,89806.0,1.7474055357452167,-0.30018961681416156,-1.4851100735719602,2.9022030187707295,0.19449974933753658,Q4_active
2025-12-08T05:45:00+00:00,91332.9,-0.055839680991187635,91383.5,91264.8,0.0554017227089032,-0.07456239755880834,-0.09996397793127221,91383.5,91205.3,0.0554017227089032,-0.13970869204853464,0.027153413501590506,91414.9,91205.3,0.08978144786817577,-0.13970869204853464,0.27427137428024384,91597.3,91205.3,0.2894904245896113,-0.13970869204853464,0.23868726384468353,91840.6,91205.3,0.5558785497887575,-0.13970869204853464,1.1032110015575025,1.527379509464826,0.20086262495968785,Q3
2025-12-08T10:45:00+00:00,92145.9,-0.06619936426905948,92148.5,92078.4,0.0028216122475388516,-0.0732533948878844,-0.1902417796125322,92148.5,91935.9,0.0028216122475388516,-0.22789945076232554,-0.05914533365022345,92148.5,91935.9,0.0028216122475388516,-0.22789945076232554,-0.27543276477844936,92148.5,91805.7,0.0028216122475388516,-0.3691971102349645,-0.39372343207889626,92148.5,91627.3,0.0028216122475388516,-0.5628031198349426,0.8901502087418578,1.139605777359591,0.23382226056945837,Q2
2025-12-08T16:15:00+00:00,90041.0,0.29986339556424824,90399.5,90033.3,0.3981519529991928,-0.00855165979941619,0.1549294210415164,90399.5,90033.3,0.3981519529991928,-0.00855165979941619,-0.2499972234870862,90440.9,89803.0,0.44413100698570407,-0.2643240301640315,-0.06497040237225526,90440.9,89699.5,0.44413100698570407,-0.37927166513033184,0.3863795382103685,90440.9,89643.2,0.44413100698570407,-0.4417987361313158,-2.2264836890306783,2.870914361235437,0.2693358554014288,Q4_active
2025-12-08T22:35:00+00:00,90786.9,-0.06884253124624928,90873.3,90723.8,0.09516791519481593,-0.06950341954620187,-0.013768506249245416,90899.6,90715.3,0.12413685234324845,-0.07886600379569675,0.1359226936926028,90975.4,90674.6,0.20762907423867993,-0.12369626014324675,-0.202011523688983,90975.4,90439.2,0.20762907423867993,-0.38298476982912,-0.3293426694820467,90975.4,90351.8,0.20762907423867993,-0.479254165523868,1.0733355005633216,1.8652470785983537,0.1643286914724965,Q3
2025-12-09T05:10:00+00:00,89734.0,0.0655270020282206,89848.8,89414.8,0.12793367062651217,-0.35571801101031975,0.09751041968484309,89848.8,89414.8,0.12793367062651217,-0.35571801101031975,0.3758887378251252,90173.3,89414.8,0.489558027057746,-0.35571801101031975,0.20560768493547155,90173.3,89414.8,0.489558027057746,-0.35571801101031975,0.3678650232910696,90261.6,89414.8,0.5879599705797212,-0.35571801101031975,-1.0795550376846652,1.2893663494327678,0.21231436314363408,Q3
2025-12-09T10:20:00+00:00,90178.8,-0.02783359281782749,90185.0,90136.3,0.0068752300984131764,-0.047128593416634335,-0.22355586900690838,90308.4,89953.3,0.14371448721872682,-0.2500587721282588,-0.04790482907290894,90308.4,89869.3,0.14371448721872682,-0.34320705088113357,0.013861351004895717,90315.9,89869.3,0.15203129782164204,-0.34320705088113357,0.42770584660696276,90656.2,89869.3,0.5293927175788582,-0.34320705088113357,0.3786790978488108,0.940908506212103,0.08986686390532557,Q2
2025-12-09T15:25:00+00:00,91123.0,-0.06825938566552558,91200.6,90952.1,0.0851596194155313,-0.18754869791379747,0.9881149654862087,92073.2,90952.1,1.0427663707296642,-0.18754869791379747,1.7083502518573823,92858.6,90952.1,1.9046782919789784,-0.18754869791379747,2.438572039989917,93690.5,90952.1,2.8176201398110168,-0.18754869791379747,2.8471406779847053,94555.9,90952.1,3.767325483138162,-0.18754869791379747,1.0751638590540402,1.5539435707779594,0.18051287781440467,Q3
2025-12-09T22:10:00+00:00,92599.0,0.01846672210283895,92660.3,92534.2,0.06619941900021242,-0.06997915744231253,-0.14686983660731068,92660.3,92454.5,0.06619941900021242,-0.15604920139525857,0.3109104849944311,92953.6,92454.5,0.3829415004481751,-0.15604920139525857,-0.0649035086772054,92996.2,92454.5,0.42894631691485774,-0.15604920139525857,0.06576744889252861,92996.2,92454.5,0.42894631691485774,-0.15604920139525857,-1.6800575061079015,2.1898724608256983,0.21045981139353423,Q4_active
2025-12-10T07:35:00+00:00,92622.6,-0.007989410791764406,92689.0,92600.9,0.0716887671043498,-0.02342840732176832,0.005290285524250926,92689.0,92556.9,0.0716887671043498,-0.07093301202947266,0.08399677832406915,92758.0,92556.9,0.14618462448690028,-0.07093301202947266,-0.0004318600428043773,92758.0,92498.6,0.14618462448690028,-0.13387661326716982,-0.11077210097751866,92758.0,92380.5,0.14618462448690028,-0.2613832909030944,0.27769928577692227,0.5580711403048594,0.08679321896254222,Q1_quiet
2025-12-10T14:25:00+00:00,91895.3,0.021110981736827128,92064.2,91792.0,0.18379612450254434,-0.11241053677392143,-0.03667216930571815,92064.2,91769.6,0.18379612450254434,-0.13678610331540053,-0.11066942487809595,92064.2,91555.4,0.18379612450254434,-0.36987745836839503,0.004679238220028914,92115.2,91555.4,0.2392940661818388,-0.36987745836839503,0.5864282504110641,92548.0,91521.8,0.7102648340012951,-0.40644080818061923,-0.5819337640587952,1.6349040701755087,0.1448108762955979,Q3
2025-12-10T19:50:00+00:00,92928.8,-0.013773986105491964,93062.1,92738.3,0.14344315217671433,-0.2049956525856378,0.6437186318988264,93533.4,92589.5,0.6506056249515613,-0.3651182410619791,0.49575589053123537,94442.6,92589.5,1.6289890755072811,-0.3651182410619791,-0.5107135785676786,94442.6,92193.8,1.6289890755072811,-0.7909281084012676,-0.4735883816427311,94442.6,91824.6,1.6289890755072811,-1.1882215201315383,1.2513578621991872,1.8230085829150824,0.13058407522370488,Q3
2025-12-11T02:15:00+00:00,90202.8,-0.08735870726851447,90338.3,90059.8,0.15021706643252308,-0.1585316642055412,-0.3154004088564921,90338.3,89838.6,0.15021706643252308,-0.4037568678577519,-0.1620792259220294,90338.3,89821.8,0.15021706643252308,-0.42238156686932316,-0.5796937567348337,90338.3,89346.2,0.15021706643252308,-0.9496379269823163,-0.2926738416102359,90338.3,89346.2,0.15021706643252308,-0.9496379269823163,-2.279567096753221,3.116422106630827,0.3248826581027677,Q4_active
2025-12-11T18:25:00+00:00,90315.7,-0.001217949924536832,90356.9,90271.6,0.04561776081013491,-0.04882871970209868,0.8778097274338759,91108.5,90271.6,0.8778097274338759,-0.04882871970209868,0.3792253174143667,91150.4,90271.6,0.924202547286912,-0.04882871970209868,0.836177984558617,91150.4,90271.6,0.924202547286912,-0.04882871970209868,0.7636546026881241,91499.4,90271.6,1.3106248415281074,-0.04882871970209868,0.3411896196585662,1.5444712270402696,0.042438815416717436,Q3
2025-12-11T23:25:00+00:00,92453.8,0.2247609076100776,92661.6,92423.3,0.2247609076100776,-0.03298944986577235,0.24606884735944856,92767.0,92423.3,0.33876379337571816,-0.03298944986577235,0.028662964637482524,92767.0,92333.1,0.33876379337571816,-0.13055169176388048,-0.11692326329475478,92767.0,92302.2,0.33876379337571816,-0.16397379015249403,-0.43600154888171483,92767.0,91405.1,0.33876379337571816,-1.1342962647289734,2.367362485149327,3.534522107257883,0.23293133313723616,Q4_active
2025-12-12T07:45:00+00:00,92404.2,0.003895926808517025,92412.8,92363.3,0.009306936264819043,-0.044262057352362216,-0.03408935957456283,92422.0,92330.6,0.01926319366436502,-0.07965005919643442,-0.059196443451703384,92447.4,92305.0,0.04675112170224871,-0.10735442761259373,-0.20139777196274133,92447.4,92054.3,0.04675112170224871,-0.3786624417504769,-0.164819348038292,92447.4,92050.0,0.04675112170224871,-0.38331590988288644,-0.2290093644423341,0.7479097270470453,0.06054291667856158,Q1_quiet
2025-12-12T16:45:00+00:00,89793.7,0.14121257950168165,89993.3,89699.0,0.2222873096887623,-0.10546396907578082,0.2710657874661626,90141.7,89699.0,0.38755502891627547,-0.10546396907578082,0.7045037680817323,90580.0,89699.0,0.8756739058530805,-0.10546396907578082,0.4397858647098962,90580.0,89699.0,0.8756739058530805,-0.10546396907578082,0.8656509309673099,90618.2,89699.0,0.9182158659237771,-0.10546396907578082,-2.744361105846038,3.5665085635183758,0.3271867978616297,Q4_active
2025-12-13T01:35:00+00:00,90181.4,-0.080393517953814,90197.6,90083.6,0.017963792977271353,-0.10844808352941104,-0.06631079136051321,90197.6,90076.1,0.017963792977271353,-0.11676465435221939,0.0793955294550841,90282.7,90076.1,0.11232914991339271,-0.11676465435221939,0.030272317795021486,90282.7,90076.1,0.11232914991339271,-0.11676465435221939,0.22221877238544074,90396.0,90076.1,0.23796481314328766,-0.11676465435221939,0.29494128977869405,0.5423513052580752,0.11077694235588784,Q1_quiet
2025-12-13T10:35:00+00:00,90565.6,-0.007839621224847715,90599.0,90550.0,0.036879344916829204,-0.0172250832545795,-0.07143992862633786,90599.0,90500.5,0.036879344916829204,-0.07188159742772537,-0.07210243182842468,90599.0,90472.5,0.036879344916829204,-0.1027984135256732,-0.21465103748002923,90599.0,90362.5,0.036879344916829204,-0.22425733391044922,-0.24214492036711555,90599.0,90240.0,0.036879344916829204,-0.3595184043389654,0.3127935208322441,0.37453514358654016,0.1834242660431348,Q1_quiet
2025-12-13T19:35:00+00:00,90176.1,0.003992188617596426,90196.4,90158.2,0.022511508038158823,-0.019850048959768607,-0.02428581409044117,90196.4,90135.6,0.022511508038158823,-0.04491212194805971,-0.04446854543499468,90196.4,90135.1,0.022511508038158823,-0.045466592589393784,-0.06753452411448757,90196.4,90072.9,0.022511508038158823,-0.1144427403713566,-0.16445599221966978,90196.4,89715.7,0.022511508038158823,-0.5105565665403655,-0.029378310603023206,0.3881294489338084,0.012596853163473636,Q1_quiet
2025-12-14T04:40:00+00:00,90128.5,0.0016642904297814454,90146.0,90085.6,0.019416721680709514,-0.04759870629156282,0.03417343015805763,90180.1,90085.6,0.05725159078426856,-0.04759870629156282,-0.018307194727529286,90180.1,90065.1,0.05725159078426856,-0.07034400883182412,-0.009320026406733906,90180.1,90005.8,0.05725159078426856,-0.1361389571556182,0.0019971485157421753,90202.0,90005.8,0.08155023105897996,-0.1361389571556182,-0.08037604904601592,0.4101921145919405,0.033678636131370634,Q1_quiet
2025-12-14T16:00:00+00:00,88991.0,-0.06854625748671239,89001.6,88928.4,0.011911316874746447,-0.0703441921093173,0.026294793855541343,89014.5,88928.4,0.026407164769470803,-0.0703441921093173,-0.1278781000325857,89372.7,88861.0,0.4289197784045573,-0.14608218808643825,-0.12473171444303821,89372.7,88458.6,0.4289197784045573,-0.5982627456709078,-0.18035531682979444,89372.7,88458.6,0.4289197784045573,-0.5982627456709078,-0.6775813326398761,1.3923879942915478,0.12416910396171232,Q3
2025-12-15T00:10:00+00:00,88119.4,0.2774644402935067,88391.3,88025.6,0.3085586147885788,-0.10644648057066552,0.42249493301134144,88563.4,88025.6,0.5038618056863786,-0.10644648057066552,0.10882961073273023,88656.7,88025.6,0.6097408743137134,-0.10644648057066552,0.5013651931356833,88656.7,88025.6,0.6097408743137134,-0.10644648057066552,1.5397290494488125,89606.0,88025.6,1.6870291899400147,-0.10644648057066552,-0.6507577517063878,1.42148040045666,0.14829659318637417,Q3
2025-12-15T09:00:00+00:00,89860.0,-0.05597596260850102,89880.8,89800.7,0.02314711773869771,-0.06599154239929073,-0.051302025372812476,89880.8,89730.5,0.02314711773869771,-0.14411306476741492,-0.08023592254619016,89885.2,89730.5,0.02804362341419786,-0.14411306476741492,0.022924549298908303,89939.7,89730.5,0.08869352325839852,-0.14411306476741492,-0.07344758513242455,89939.7,89650.0,0.08869352325839852,-0.23369686178500437,0.46970088293927237,0.7336968617850022,0.13022722341052548,Q1_quiet
2025-12-15T15:45:00+00:00,87011.7,-0.16894279734793738,87033.8,86691.9,0.025398883138705308,-0.36753677953654806,-0.024479466554505613,87078.2,86691.9,0.07642650356216585,-0.36753677953654806,0.018962967049263035,87190.2,86691.9,0.20514482535107792,-0.36753677953654806,-0.9672262465852177,87190.2,86004.0,0.20514482535107792,-1.1581201148811004,-1.4014207284767433,87190.2,85663.2,0.20514482535107792,-1.5497915797530681,-3.1097585418977225,3.77363044280252,0.3292462951391754,Q4_active
2025-12-16T01:50:00+00:00,85852.0,-0.0008153566602997486,85900.8,85825.6,0.056842007175150755,-0.0307505940455588,0.05008619484694332,85952.0,85798.7,0.11647952289988162,-0.06208358570564121,0.08701020360619705,85998.2,85798.7,0.17029306247962062,-0.06208358570564121,0.031216512137177688,86191.5,85798.7,0.3954479802450672,-0.06208358570564121,-0.03308018450355332,86191.5,85339.1,0.3954479802450672,-0.5974234729534511,0.03169247117382756,1.1490704934072589,0.00586409106588415,Q2
2025-12-16T06:50:00+00:00,86516.1,-0.06646161812656759,86529.1,86454.2,0.015026104967752474,-0.07154737673105149,-0.02577554929082959,86576.7,86446.4,0.07004476623424516,-0.08056303971170076,-0.4503208073410647,86576.7,86035.4,0.07004476623424516,-0.5556191275381206,-0.6113313013416111,86576.7,85808.1,0.07004476623424516,-0.8183447936280119,-0.30780398099313766,86576.7,85808.1,0.07004476623424516,-0.8183447936280119,0.7735405115780747,1.5504628618257112,0.1758134116961872,Q3
2025-12-16T12:10:00+00:00,87194.2,0.001834984437043552,87247.4,87151.8,0.061013232531514916,-0.0486270875815098,-0.09954790570932959,87247.4,87063.9,0.061013232531514916,-0.14943654509130821,0.02098763449862595,87247.4,87021.7,0.061013232531514916,-0.19783425961819034,-0.02041420186205123,87444.0,87012.8,0.2864869452325891,-0.20804136054920486,-0.4258310759201911,87772.6,86062.6,0.6633468739893456,-1.297792743095283,1.0499697525270024,1.7074530186640722,0.23258201981824925,Q3
2025-12-16T19:40:00+00:00,87529.6,0.08454282894014842,87641.6,87486.2,0.12795671407157538,-0.049583226702742955,0.009939494753763434,87760.7,87486.2,0.264024969838772,-0.049583226702742955,-0.11527528973056533,87760.7,87399.3,0.264024969838772,-0.1488639271743586,0.23980459181807134,87776.2,87297.0,0.2817332650897342,-0.2657386758308067,0.3649051292362815,87880.5,87297.0,0.40089295506891,-0.2657386758308067,0.5317768237188547,1.5702116769641454,0.07699983369366448,Q3
2025-12-17T09:40:00+00:00,86415.0,0.041659434126017914,86451.0,86385.9,0.041659434126017914,-0.0336747092518741,-0.03425331250361818,86451.3,86367.4,0.04200659607707102,-0.05508302956663824,0.2601400219869321,86713.3,86200.0,0.34519469999421126,-0.24879939825261932,0.31244575594515656,86786.9,86200.0,0.43036509865184147,-0.24879939825261932,0.5187756755193007,86898.3,86200.0,0.5592779031418083,-0.24879939825261932,-0.48184224042822077,1.1127697737661353,0.10949439966502818,Q2
2025-12-17T15:30:00+00:00,89800.0,-0.47884187082405383,89813.2,89220.0,0.014699331848544439,-0.6458797327394183,-1.6964365256124658,89813.2,88007.8,0.014699331848544439,-1.995768374164808,-2.382071269487762,89813.2,87003.5,0.014699331848544439,-3.114142538975506,-3.755902004454348,89813.2,86128.3,0.014699331848544439,-4.088752783964367,-3.4330734966592336,89813.2,86128.3,0.014699331848544439,-4.088752783964367,3.592036564066725,4.278730512249447,0.4140801617064334,Q4_active
2025-12-17T23:20:00+00:00,85966.4,0.023148578979714785,85987.5,85912.1,0.02454447318953612,-0.06316421299482622,0.1086470993318489,86062.1,85907.9,0.11132256323402867,-0.0680498427292564,0.08398630162482768,86129.1,85907.9,0.18925998994958615,-0.0680498427292564,0.16797260324965535,86263.9,85907.9,0.3460654395205598,-0.0680498427292564,0.0466461315118627,86282.4,85816.3,0.3675854752554386,-0.1746031007463289,-0.7238443665322447,1.5642157866329138,0.09064352856109967,Q3
2025-12-18T07:40:00+00:00,86710.8,0.032175922722421646,86789.5,86668.8,0.09076147377258259,-0.04843687291548049,0.08857028190261129,86794.1,86668.8,0.09606646461570723,-0.04843687291548049,-0.004382383739975904,86917.2,86640.1,0.2380326326132387,-0.08153540274106197,0.32302781199111674,87085.8,86640.1,0.43247207960253053,-0.08153540274106197,0.7116760541939327,87335.0,86640.1,0.7198641922344207,-0.08153540274106197,0.05296261808414027,0.731742758687499,0.014865433818055393,Q1_quiet
2025-12-18T15:55:00+00:00,88487.2,-0.06023470061207181,88500.1,88265.4,0.014578379697871569,-0.2506577222468387,-0.3637814282743679,88500.1,88165.0,0.014578379697871569,-0.36412046036036205,-0.4713676102306219,88500.1,87803.2,0.014578379697871569,-0.772993156072288,-0.5753374499362529,88500.1,87803.2,0.014578379697871569,-0.772993156072288,-2.310390655371619,88500.1,85427.0,0.014578379697871569,-3.4583532985561716,1.3514333852953753,2.748194089088595,0.12099676972773432,Q4_active
2025-12-19T00:25:00+00:00,85386.0,-0.06476471552714358,85426.9,85317.7,0.04790012414213063,-0.07998969386082688,-0.13772749631087988,85426.9,85260.1,0.04790012414213063,-0.14744805940083427,0.2188883423511978,85573.0,85260.1,0.21900545756916578,-0.14744805940083427,-0.30461668189165625,85573.0,85121.5,0.21900545756916578,-0.30976975148150343,0.1145386831564954,85573.0,85078.1,0.21900545756916578,-0.3605977560724227,-0.2801722376056692,1.6204061555758622,0.03383114044365387,Q3
2025-12-19T10:30:00+00:00,87927.4,0.048449061384747694,87981.0,87923.3,0.06095938239958354,-0.004662937832788927,0.2586224544339988,88240.0,87923.3,0.35552057720347197,-0.004662937832788927,0.2968357986247838,88317.0,87923.3,0.4430928243073229,-0.004662937832788927,0.43865734685661906,88343.8,87923.3,0.47357251550712576,-0.004662937832788927,0.07915621296661346,88343.8,87857.6,0.47357251550712576,-0.07938367334867635,1.4488004735109472,1.9224951494073457,0.21644402309747482,Q3
2025-12-19T16:05:00+00:00,88323.9,0.029663545201263908,88479.2,88277.2,0.17583009808217476,-0.052873571026634814,-0.05140171573039254,88479.2,88219.5,0.17583009808217476,-0.11820130225227432,0.15714885778368437,88865.8,88219.5,0.6135372192577648,-0.11820130225227432,-0.1555637828492551,88865.8,87844.2,0.6135372192577648,-0.5431146043143431,-1.3950923815637672,88865.8,86808.1,0.6135372192577648,-1.716183275421479,0.2325264698872953,2.1400776007400166,0.028486424112666102,Q4_active
2025-12-19T22:05:00+00:00,88098.1,-0.09920758790485928,88128.0,87996.7,0.03393943796743404,-0.11509896354179316,0.13802794838935206,88224.0,87996.7,0.1429088709063997,-0.11509896354179316,0.195690939986215,88300.8,87996.7,0.2300844172575811,-0.11509896354179316,0.18558856547417069,88396.0,87996.7,0.33814577158870485,-0.11509896354179316,-0.12315816118622092,88396.0,87978.0,0.33814577158870485,-0.13632530099968454,-0.10024210054826455,1.7958389567992852,0.012497525942261696,Q3
2025-12-20T06:25:00+00:00,88310.9,-0.011323630491821834,88318.5,88276.9,0.00860595917377971,-0.038500343672187576,-0.055485789409914776,88318.5,88258.0,0.00860595917377971,-0.05990200530171519,-0.0551460804951609,88318.5,88238.0,0.00860595917377971,-0.08254926628535886,-0.13067469587558778,88318.5,88149.2,0.00860595917377971,-0.18310310505271765,0.009172140698376907,88379.7,88143.2,0.07790657778372623,-0.1898972833478063,0.23813550568607678,0.6694530346763504,0.09386184681459947,Q1_quiet
2025-12-20T15:25:00+00:00,88069.7,0.017372603744547632,88100.0,88053.6,0.03440456819996385,-0.018280975182149994,0.05870350415635439,88132.2,88053.6,0.07096651856426384,-0.018280975182149994,0.07357808644743447,88164.0,88053.6,0.10707428320977375,-0.018280975182149994,0.07505419003357439,88202.0,88053.6,0.15022192649685184,-0.018280975182149994,0.14216012998795602,88221.5,88053.6,0.17236348028890625,-0.018280975182149994,-0.0659269833128806,0.6357464599061979,0.02684470729566533,Q1_quiet
2025-12-21T00:25:00+00:00,88375.6,-0.02342275469701116,88400.3,88342.5,0.02794889087032182,-0.0374537768343397,-0.08577028048466495,88400.3,88270.0,0.02794889087032182,-0.11948999497599644,-0.02591212959234257,88400.3,88270.0,0.02794889087032182,-0.11948999497599644,-0.14200752243832548,88400.3,88247.7,0.02794889087032182,-0.14472320414232742,-0.5124717682256308,88400.3,87820.2,0.02794889087032182,-0.6284540076672895,0.1702457568908855,0.3503229398159739,0.1147791532936046,Q1_quiet
2025-12-21T10:10:00+00:00,88757.8,-0.003717983095574695,88806.0,88733.3,0.05430508642620957,-0.027603207830750875,-0.03965848635274494,88806.0,88682.0,0.05430508642620957,-0.085400945043701,-0.07965497116873,88806.0,88536.0,0.05430508642620957,-0.24989353048407992,-0.17925185166824953,88806.0,88536.0,0.05430508642620957,-0.24989353048407992,-0.04337646944831963,88806.0,88536.0,0.05430508642620957,-0.24989353048407992,0.7714726555803297,1.1671086935458002,0.26230457440648525,Q2
2025-12-21T19:25:00+00:00,88320.3,-0.1133374773410023,88320.3,88162.1,0.0,-0.17912076838506596,0.06657586081568745,88401.6,88162.1,0.09205131776046649,-0.17912076838506596,0.14447414694016558,88577.4,88162.1,0.2910995546890005,-0.17912076838506596,-0.07325609174787528,88577.4,88162.1,0.2910995546890005,-0.17912076838506596,-0.022871299123750077,88577.4,88140.0,0.2910995546890005,-0.2041433283175076,0.5218422568169512,0.8087608398069333,0.14612614335341526,Q1_quiet
2025-12-22T00:30:00+00:00,88868.6,0.2823269411243112,89158.9,88854.6,0.32666206061531256,-0.015753595758227767,0.2710743727255771,89277.4,88854.6,0.46000499614036183,-0.015753595758227767,-0.20187107707335672,89277.4,88474.1,0.46000499614036183,-0.4439138233301776,0.21076060610834002,89277.4,88474.1,0.46000499614036183,-0.4439138233301776,-0.583445671474514,89277.4,87850.0,0.46000499614036183,-1.1461866170953572,0.7349790637518394,1.7471862952718926,0.14772623712749783,Q3
2025-12-22T06:05:00+00:00,88756.5,-0.052503196948960884,88766.9,88688.3,0.011717451679582602,-0.07683944274503585,0.12145589337120288,88872.9,88688.3,0.13114532456777184,-0.07683944274503585,0.07526209348047708,88872.9,88688.3,0.13114532456777184,-0.07683944274503585,0.41642020584409245,89157.4,88688.3,0.45168522868745953,-0.07683944274503585,0.38566189518514093,89244.8,88688.3,0.5501568899179299,-0.07683944274503585,-0.05292584188686389,1.574757905054838,0.009815387185698844,Q3
2025-12-22T14:45:00+00:00,90051.6,0.1745665818264186,90208.8,89878.8,0.1745665818264186,-0.1918899830763765,-0.11726610076889799,90259.6,89858.7,0.23097868333266103,-0.21421051930227142,-0.4464107245179427,90410.2,89514.8,0.39821613386101795,-0.5961026789085389,-0.673835889645491,90410.2,89133.9,0.39821613386101795,-1.0190823927614945,-0.5222561287084315,90410.2,89133.9,0.39821613386101795,-1.0190823927614945,0.4383293961761625,1.3115813600202453,0.08432028836251255,Q3
2025-12-23T01:15:00+00:00,88569.2,-0.004629148733414912,88596.8,88539.9,0.031162074400592488,-0.03308147753395829,-0.0740663797347052,88619.1,88500.1,0.056340127267717754,-0.07801809206811061,-0.0739534736680425,88619.1,88374.8,0.056340127267717754,-0.2194893936040887,0.1085027300687047,88687.3,88250.6,0.13334206473583077,-0.3597187284066994,-0.41673629207443774,88720.2,87751.3,0.17048816066984607,-0.9234587192838983,0.5381684111829044,1.135947936754528,0.10610774154562375,Q2
2025-12-23T09:05:00+00:00,87527.1,-0.0031990092211442445,87555.5,87518.8,0.03244709352874242,-0.00948277733411329,-0.19468256117248783,87595.7,87333.3,0.07837572591802289,-0.22141713823490283,-0.25946249790065323,87595.7,87259.0,0.07837572591802289,-0.30630513292455586,-0.023192816853301323,87595.7,87259.0,0.07837572591802289,-0.30630513292455586,0.13710039519188033,87671.7,87259.0,0.16520597620621746,-0.30630513292455586,-0.7788995422505551,1.5395231876755884,0.17136800099762908,Q3
2025-12-23T16:30:00+00:00,87688.0,-0.01961499863151195,87775.8,87629.2,0.10012772557248528,-0.067055925554238,0.21428245598029694,88026.6,87629.2,0.38614177538547345,-0.067055925554238,0.40621293677582937,88110.0,87629.2,0.4812517106103531,-0.067055925554238,0.02041328345954163,88247.3,87629.2,0.6378295775932852,-0.067055925554238,0.22511632150350458,88247.3,87124.0,0.6378295775932852,-0.6431894900100321,-0.011288753778593286,1.8459766444667423,0.0015910515404262483,Q3
2025-12-24T00:15:00+00:00,87310.5,0.03149678446463522,87338.0,87230.8,0.03149678446463522,-0.0912834080666114,0.04157575549332826,87351.4,87230.8,0.046844308531035495,-0.0912834080666114,0.24933999919825034,87580.0,87230.8,0.3086684877534829,-0.0912834080666114,0.37899221743089573,87813.9,87230.8,0.57656295634545,-0.0912834080666114,0.1262162053819349,87813.9,87230.8,0.57656295634545,-0.0912834080666114,-0.7207963213121005,1.3792155582661847,0.13998630832762754,Q3
2025-12-24T08:10:00+00:00,86940.3,0.04991931244773262,87000.0,86898.5,0.06866780997993871,-0.04807896913169296,-0.05198969867828973,87037.9,86751.6,0.11226094227876349,-0.2170454898361207,-0.050034333904991346,87037.9,86749.8,0.11226094227876349,-0.21911587606667782,-0.12077253011549827,87037.9,86715.2,0.11226094227876349,-0.25891330027617565,0.100643775096243,87046.8,86677.0,0.1224978519742903,-0.3028514969467544,-0.07114762615197945,0.7865167246949951,0.023073768964100808,Q1_quiet
2025-12-24T13:20:00+00:00,87265.5,-0.04228475170598989,87265.5,87190.0,0.0,-0.08651758140387766,-0.11562415845894902,87281.2,87005.7,0.01799107321907023,-0.297712154287777,0.0004583712921890637,87281.2,87005.7,0.01799107321907023,-0.297712154287777,0.0024064492840869534,87412.0,87005.7,0.16787848577044517,-0.297712154287777,-0.7151738086643711,87412.0,86372.0,0.16787848577044517,-1.0238868739650853,0.5858879724103705,0.8879797858260071,0.1845880088608067,Q2
2025-12-24T19:30:00+00:00,87419.8,0.04129499266756209,87456.6,87416.2,0.04209572659741312,-0.004118060210622776,0.10340906751100665,87520.2,87416.2,0.1148481236516119,-0.004118060210622776,0.14561918466984292,87548.2,87416.2,0.14687748084529773,-0.004118060210622776,0.15797336530167794,87651.0,87416.2,0.26447097797066554,-0.004118060210622776,0.3096552497260374,87736.3,87416.2,0.3620461268499797,-0.004118060210622776,0.4264284549091002,1.461911374768645,0.07178217821782126,Q3
2025-12-25T02:25:00+00:00,87696.1,0.04960311804058648,87739.8,87696.1,0.0498311783534211,0.0,0.1959038087212317,87877.2,87696.1,0.20650861326785286,0.0,0.17298374728180743,87933.5,87696.1,0.27070759132958866,0.0,0.11836330235892589,87933.5,87696.1,0.27070759132958866,0.0,0.021893790031701776,87933.5,87696.1,0.27070759132958866,0.0,0.014027676720207438,0.6330954284169958,0.0046141726375820685,Q1_quiet
2025-12-25T11:25:00+00:00,87523.5,-0.03004907253481015,87555.6,87496.3,0.03667586419648927,-0.031077367792642363,-0.03416225356618341,87555.6,87464.8,0.03667586419648927,-0.06706770181722499,-0.04364542094408286,87555.6,87440.0,0.03667586419648927,-0.09540294892228518,0.007997852005470207,87555.6,87437.3,0.03667586419648927,-0.09848783469582623,-0.05552794392363891,87556.8,87360.7,0.03804692454028036,-0.18600718664130156,-0.21524917257899068,0.730203888098615,0.09023993882038324,Q1_quiet
2025-12-25T17:50:00+00:00,88138.4,-0.047992702386234765,88144.2,88093.6,0.006580559665247954,-0.05082915051780601,0.11334446733775039,88276.8,88093.6,0.15702576856400086,-0.05082915051780601,0.07386110934621826,88281.3,88093.6,0.16213137520082466,-0.05082915051780601,0.07057082951360538,88281.3,88093.6,0.16213137520082466,-0.05082915051780601,-0.012934203479975093,88281.3,88029.9,0.16213137520082466,-0.12310184891034526,0.725110537930318,1.3675083731948878,0.16551454284596195,Q3
2025-12-25T22:55:00+00:00,87610.5,-0.014724262502774366,87635.4,87436.5,0.02842125087745284,-0.1986063314328712,0.04714046832285934,87734.5,87436.5,0.14153554653837386,-0.1986063314328712,-0.19301339451321953,87734.5,87425.0,0.14153554653837386,-0.21173261195861492,-0.4882976355573887,87734.5,86902.0,0.14153554653837386,-0.8086930219551314,-0.6004987986599875,87734.5,86838.0,0.14153554653837386,-0.8817436266201018,-0.551216228641227,1.1676682589415652,0.1778624276609786,Q2
2025-12-26T09:30:00+00:00,88748.8,-0.021746772914110757,88749.5,88719.9,0.000788743059065844,-0.03256382058124396,0.11493113146319178,88870.1,88719.9,0.13667790437730254,-0.03256382058124396,0.03504272733827474,88888.0,88719.9,0.1568471911732816,-0.03256382058124396,-0.0967900411047884,88888.0,88652.5,0.1568471911732816,-0.10850850941083179,-0.1988759284632602,88888.0,88561.4,0.1568471911732816,-0.21115778466864743,-0.03165237803977039,1.3787228672387584,0.007824028957257544,Q3
2025-12-26T16:55:00+00:00,86821.8,0.16516589151571726,86976.1,86769.2,0.17772034212606425,-0.06058386257830062,0.14777394617482287,87049.0,86769.2,0.2616854292355031,-0.06058386257830062,0.5017173106293571,87283.3,86769.2,0.5315485281346399,-0.06058386257830062,0.537768164216823,87438.1,86769.2,0.7098447624905191,-0.06058386257830062,0.47292269913776774,87438.1,86769.2,0.7098447624905191,-0.06058386257830062,-1.9045843572578547,2.772690729747601,0.30720026242414394,Q4_active
2025-12-27T00:00:00+00:00,87293.3,0.016496111385411183,87317.3,87284.2,0.027493518975685305,-0.010424625944949195,-0.004467696833554413,87366.9,87230.8,0.0843134581920868,-0.0715977056658379,0.02462961074904957,87366.9,87203.0,0.0843134581920868,-0.10344436514601041,0.027608075304730306,87378.8,87203.0,0.09794566135086225,-0.10344436514601041,0.07331605060181268,87460.5,87203.0,0.1915381821972595,-0.10344436514601041,-0.015920794619450618,0.6329237180860386,0.006378780230367563,Q1_quiet
2025-12-27T09:00:00+00:00,87563.8,0.012448066438408567,87580.4,87563.7,0.01895760576857697,-0.0001142024444011902,-0.007651563774069281,87623.1,87557.0,0.06772204952274485,-0.007765766218459369,0.021241654656356523,87623.1,87498.7,0.06772204952274485,-0.07434579129732555,-0.008793588217959059,87623.1,87498.7,0.06772204952274485,-0.07434579129732555,-0.11728591038762115,87623.1,87321.8,0.06772204952274485,-0.27636991542167033,0.12039996112442886,0.33986647450202684,0.07782129923879101,Q1_quiet
2025-12-27T18:00:00+00:00,87512.0,-0.026853460096898374,87512.0,87476.4,0.0,-0.04068013529573422,-0.043422616326904695,87512.0,87469.1,0.0,-0.049021848432206916,-0.027196270225804398,87512.0,87458.5,0.0,-0.061134472986557054,-0.06456257427552847,87512.0,87415.2,0.0,-0.11061340159064237,0.034738093061514874,87542.7,87415.2,0.0350809031904209,-0.11061340159064237,0.141781318051315,0.3311545845141271,0.10946196660481636,Q1_quiet
2025-12-28T03:00:00+00:00,87768.7,-0.00045574333445985715,87808.2,87762.4,0.04500465427881295,-0.007177957517889855,-0.020394514217481063,87808.2,87740.0,0.04500465427881295,-0.032699584248141456,-0.03042086757579776,87808.2,87695.4,0.04500465427881295,-0.08351496604143138,-0.04170051510389294,87808.2,87651.7,0.04500465427881295,-0.1333049253321561,-0.14686328953259498,87808.2,87590.7,0.04500465427881295,-0.20280578383865544,0.16856689606372655,0.5636405689044011,0.07189097103918138,Q1_quiet
2025-12-28T12:00:00+00:00,87824.6,-0.029604461620091893,87832.0,87797.7,0.008425885230334274,-0.03062923144541152,-0.037233303652972616,87832.0,87779.3,0.008425885230334274,-0.051580081207314166,0.00967838168348667,87833.5,87779.3,0.010133834939174413,-0.051580081207314166,0.04702554865037012,87883.2,87762.6,0.06672390195912037,-0.0705952546325328,0.14380936548528123,87959.4,87762.6,0.1534877471687679,-0.0705952546325328,0.18045682268237329,0.40353158454464255,0.11180212014134179,Q1_quiet
2025-12-28T21:05:00+00:00,87499.3,0.020114446629859728,87516.9,87462.2,0.020114446629859728,-0.04240033920271946,-0.018971580344073757,87559.0,87462.2,0.06822911726149794,-0.04240033920271946,0.05988619337524703,87570.1,87461.6,0.08091493303374886,-0.04308605897418438,0.03440027520218436,87570.1,87461.6,0.08091493303374886,-0.04308605897418438,0.22971612344326875,88023.4,87443.1,0.5989762203811866,-0.06422908526124704,-0.3855962112069955,0.5728045824366561,0.16198766081591454,Q1_quiet
2025-12-29T03:45:00+00:00,89880.9,0.12438682745723462,90065.3,89875.0,0.20516038446434237,-0.006564242236106743,0.11014575955514694,90148.0,89875.0,0.2971710341129308,-0.006564242236106743,0.2547816054356389,90156.9,89875.0,0.3070730266385935,-0.006564242236106743,0.33277370386812777,90369.0,89875.0,0.543051972109776,-0.006564242236106743,0.18691401621480086,90369.0,89875.0,0.543051972109776,-0.006564242236106743,2.3850884697182106,2.6631909560318126,0.3851729212656282,Q4_active
2025-12-29T13:10:00+00:00,87289.1,0.14320230131825706,87424.9,87287.8,0.1555749801521511,-0.0014893039337104952,-0.03402486679323635,87424.9,87226.6,0.1555749801521511,-0.07160115065912853,-0.05384406529567176,87424.9,87200.9,0.1555749801521511,-0.10104354381017533,0.11249972791562701,87424.9,87125.5,0.1555749801521511,-0.18742317196535074,0.4486241695698556,88150.0,87125.5,0.9862628896391445,-0.18742317196535074,-2.611519829342468,3.4747752010273967,0.44570329607555864,Q4_active
2025-12-29T18:40:00+00:00,87572.5,-0.02443689514401992,87582.2,87511.6,0.011076536583964902,-0.06954237917153883,-0.16614804875959566,87582.2,87324.7,0.011076536583964902,-0.28296554283594455,-0.040081075680153955,87631.9,87273.0,0.06782951268948789,-0.34200234091752435,-0.22655514002682953,87631.9,87273.0,0.06782951268948789,-0.34200234091752435,-0.42730309172399616,87631.9,87179.3,0.06782951268948789,-0.44899940049673015,0.3787162390634702,1.1698878072454253,0.06181246726034518,Q2
2025-12-30T04:30:00+00:00,87371.9,-0.010529701196837493,87419.1,87350.0,0.05402194527075466,-0.025065266979418244,-0.09305051166335065,87419.7,87287.6,0.05470866491401605,-0.09648410987971312,-0.09499621731929864,87419.7,87256.5,0.05470866491401605,-0.13207907805597996,-0.2673628477805723,87419.7,87105.6,0.05470866491401605,-0.3047890683388954,0.052991865805829264,87466.8,87105.6,0.1086161569108679,-0.3047890683388954,0.18483970430234198,0.7490966775359127,0.05089026392221349,Q1_quiet
2025-12-30T12:10:00+00:00,88001.8,0.03590835641997803,88044.0,87980.4,0.04795356458617839,-0.024317684411012674,-0.04477181148568876,88056.0,87950.0,0.06158964930262911,-0.05886243235934119,-0.050680781529477414,88056.0,87904.3,0.06158964930262911,-0.11079318832114549,-0.10181609921615653,88056.0,87875.9,0.06158964930262911,-0.14306525548342108,-0.006704408318936039,88108.3,87789.9,0.12102025185849463,-0.24079052928464018,0.6036093093017669,0.9814571974664121,0.15855855855855716,Q2
2025-12-30T18:55:00+00:00,88258.8,-0.07636632267831178,88258.9,88172.0,0.00011330314937385566,-0.0983471336569286,-0.263316519145973,88258.9,87915.0,0.00011330314937385566,-0.3895362275489811,0.054952027446564244,88337.1,87915.0,0.08871636596010646,-0.3895362275489811,-0.07908559826329542,88393.9,87915.0,0.15307255480472293,-0.3895362275489811,-0.40653169995513716,88393.9,87836.9,0.15307255480472293,-0.47802598721035094,0.21426113970575145,1.773307590857802,0.028809600146566514,Q3
2025-12-31T03:55:00+00:00,88412.3,0.013233452811434177,88431.4,88391.6,0.02160332894856065,-0.02341303189714594,0.01074511125713773,88461.0,88373.8,0.05508283349715537,-0.04354597720001019,-0.021603328948582856,88510.2,88335.9,0.1107311991657145,-0.08641331579430922,-0.13855538200001627,88510.2,88283.2,0.1107311991657145,-0.1460204066628834,0.006560173188585594,88510.2,88283.2,0.1107311991657145,-0.1460204066628834,0.027831926840504728,0.7298758204458009,0.008043421396810784,Q1_quiet
2025-12-31T12:55:00+00:00,88736.9,0.036512431694157854,88778.5,88705.4,0.04688015921223698,-0.03549819748042138,0.04395014926146246,88810.0,88705.4,0.08237835669264726,-0.03549819748042138,0.07809603445692037,88860.0,88705.4,0.1387247018996618,-0.03549819748042138,0.24499390896008943,89033.9,88704.9,0.3346972905296397,-0.03606166093248486,-0.3279357291048002,89191.6,88250.0,0.5124136633125609,-0.54870070962586,0.18968283449383172,0.7479413862778587,0.07616974972796699,Q1_quiet
2025-12-31T19:40:00+00:00,87618.9,0.04941856152040902,87687.9,87610.0,0.0787501326768636,-0.010157625809037452,-0.11732628462579608,87687.9,87500.0,0.0787501326768636,-0.1357013155837361,-0.11481541083030455,87687.9,87399.2,0.0787501326768636,-0.2507449876681833,-0.23739170430123746,87687.9,87213.6,0.0787501326768636,-0.46257143150619795,0.19185358410116482,87841.9,87213.6,0.25451129836142616,-0.46257143150619795,-1.127758036432669,1.441698081121764,0.21527658107875386,Q3
2026-01-01T06:30:00+00:00,87647.6,-0.004221450444752417,87647.6,87637.3,0.0,-0.011751605292109613,-0.018597200607894937,87647.6,87621.6,0.0,-0.029664246368410474,-0.03183201821842507,87647.6,87619.4,0.0,-0.03217429798421101,-0.019053573628957654,87647.6,87556.3,0.0,-0.1041671420552337,0.11660330687890408,87797.0,87556.3,0.17045532336310565,-0.1041671420552337,-0.23607079847475232,0.6244323860550692,0.11894930029822583,Q1_quiet
2026-01-01T15:30:00+00:00,87916.3,0.012056922322689623,87952.1,87888.4,0.04072054897670263,-0.03173472950978029,0.04333667363161098,88077.1,87888.4,0.18290123674449266,-0.03173472950978029,0.017402916182773787,88077.1,87888.4,0.18290123674449266,-0.03173472950978029,0.01876785078533949,88077.1,87833.1,0.18290123674449266,-0.09463546577824777,0.46248534117108164,88475.8,87833.1,0.6364007584486631,-0.09463546577824777,0.12299520660348229,0.3234895008093024,0.07929515418502203,Q1_quiet
2026-01-02T01:25:00+00:00,88642.1,-0.08652773343592601,88666.1,88542.5,0.027075170827406403,-0.11236195893373768,-0.05347346238413486,88666.1,88479.6,0.027075170827406403,-0.18332146914389336,-0.04670466967728881,88666.1,88479.6,0.027075170827406403,-0.18332146914389336,-0.28530461259379525,88666.1,88324.5,0.027075170827406403,-0.35829476061600696,0.22686736889130366,88948.2,88324.5,0.34532124126118724,-0.35829476061600696,0.35696979852095634,0.7735601931813405,0.11361752729631505,Q1_quiet
2026-01-02T15:00:00+00:00,89263.9,0.08973392379225675,89425.6,89088.0,0.1811482581424384,-0.1970561447572794,-0.1768912180623916,89425.6,89025.0,0.1811482581424384,-0.2676333881893922,0.16983349371919587,89494.0,88765.0,0.2577749795830142,-0.5589045515600355,-0.02330169306963281,89850.0,88765.0,0.6565924186597405,-0.5589045515600355,1.516402487455748,90816.0,88765.0,1.738776817952159,-0.5589045515600355,-0.21507708232959555,1.900432313622858,0.035882133532265804,Q3
2026-01-03T01:20:00+00:00,90039.8,-0.008329649777094605,90059.2,90022.8,0.021546027423413605,-0.018880539494758874,0.10761907512011337,90144.6,90022.8,0.11639297288532635,-0.018880539494758874,0.09318101550646052,90176.5,90022.8,0.15182174993724207,-0.018880539494758874,0.1969129207306075,90254.9,90022.8,0.23889435560717764,-0.018880539494758874,0.1565974158094452,90366.5,90022.8,0.3628395442904164,-0.018880539494758874,0.08926239029785066,0.8647287088598662,0.0250163556497091,Q2
2026-01-03T06:55:00+00:00,89831.3,0.04475054908477105,89913.4,89813.3,0.09139353432487951,-0.020037559291696816,-0.11621784389184153,89913.4,89712.3,0.09139353432487951,-0.13247053087287464,-0.5071728896275607,89913.4,89366.0,0.09139353432487951,-0.5179709076903016,-0.32772541419305856,89913.4,89260.3,0.09139353432487951,-0.6356359086420849,-0.22998665275911767,89913.4,89260.3,0.09139353432487951,-0.6356359086420849,-0.4450704787278159,0.7180125412857211,0.1791257805530772,Q1_quiet
2026-01-03T20:00:00+00:00,90010.3,0.0044439358606762625,90014.6,89980.0,0.004777231050234754,-0.033662814144608255,0.02155308892426433,90053.6,89980.0,0.048105605691795006,-0.033662814144608255,0.19842173617907743,90189.6,89980.0,0.1991994249546991,-0.033662814144608255,0.3280735649142441,90340.7,89980.0,0.3670691020916328,-0.033662814144608255,0.5333834016773453,90714.4,89980.0,0.7822438098750828,-0.033662814144608255,-0.011552898388922372,0.358403427163326,0.0056034482758589325,Q1_quiet
2026-01-04T10:45:00+00:00,91546.7,0.0075371367837417935,91570.2,91525.0,0.025669958611285182,-0.023703749015524522,-0.10136902804798176,91574.7,91453.8,0.03058548260068683,-0.10147826191440057,-0.23496204669309906,91574.7,91289.7,0.03058548260068683,-0.2807310367276994,-0.232231200032329,91574.7,91289.7,0.03058548260068683,-0.2807310367276994,-0.46020227927385804,91574.7,91033.5,0.03058548260068683,-0.5605882025239595,0.1355241799638529,0.7218173893761358,0.03769968051118101,Q1_quiet
2026-01-04T19:45:00+00:00,91084.7,-0.008892821736239398,91085.1,91066.3,0.0004391516906787629,-0.020200977771234196,0.016797552168479335,91140.9,91066.3,0.0617008125404217,-0.020200977771234196,0.13020847628635313,91249.6,91066.3,0.1810402844824699,-0.020200977771234196,0.17280619028223754,91309.0,91066.3,0.2462543105483217,-0.020200977771234196,0.07487536326078459,91385.6,91066.3,0.3303518593133825,-0.020200977771234196,-0.12697298808669322,0.6728901780430678,0.04833862080481021,Q1_quiet
2026-01-05T00:50:00+00:00,92255.4,0.11674113385233831,92399.1,92205.3,0.15576323987540608,-0.05430576421542321,0.6695543025123873,92900.0,92205.3,0.6987124872907202,-0.05430576421542321,0.6363855123927786,92931.9,92205.3,0.733290409016707,-0.05430576421542321,0.7950754102198809,93364.3,92205.3,1.201989260249281,-0.05430576421542321,0.8307372793354251,93364.3,92205.3,1.201989260249281,-0.05430576421542321,1.2942951317901574,1.4176947907656292,0.33500056837557485,Q3
2026-01-05T07:45:00+00:00,92493.0,-0.002162325797627762,92500.5,92489.8,0.008108721741106883,-0.0034597212761999785,0.07492458888780362,92568.0,92489.8,0.08108721741104663,-0.0034597212761999785,0.11676559307189915,92637.8,92489.8,0.15655238774825442,-0.0034597212761999785,-0.057950331376432906,92745.0,92427.2,0.27245305050112023,-0.07114051874196337,0.27202058534159246,92819.7,92292.0,0.3532159190425155,-0.21731374266160675,-0.4623202536304438,1.1490599288594845,0.14277168494516781,Q2
2026-01-05T15:45:00+00:00,93761.8,0.009918751559800931,93965.0,93731.7,0.21671938891958398,-0.032102626016139446,0.20712059708751784,93980.5,93731.7,0.2332506415192448,-0.032102626016139446,0.16253954168967688,94010.2,93712.8,0.2649266545650786,-0.05226008886348721,-0.14568832936228127,94031.5,93529.9,0.2876437952342936,-0.2473288695396314,0.02964960143683193,94031.5,93201.0,0.2876437952342936,-0.5981113843804176,0.8233678616630158,1.6613375596458382,0.15019320923481438,Q3
2026-01-06T01:45:00+00:00,93803.3,-0.0833659370192752,93803.4,93688.0,0.00010660605755941077,-0.12291678437752473,-0.0675882404990058,93829.8,93688.0,0.028250605255886185,-0.12291678437752473,-0.18048405546500224,93829.8,93623.0,0.028250605255886185,-0.19221072179763654,-0.23805132655247974,93829.8,93470.6,0.028250605255886185,-0.3546783535333997,-0.09082836104913339,93900.7,93470.6,0.10383430007259165,-0.3546783535333997,-0.4019880677709753,0.9073241559731814,0.09304954777821316,Q2
2026-01-06T07:05:00+00:00,93574.2,-0.06807431963083976,93574.2,93501.2,0.0,-0.07801295656281182,-0.24355003836527,93574.2,93278.0,0.0,-0.31654024293020777,-0.3426158064936624,93574.2,93230.7,0.0,-0.36708836410036527,-0.22762684586136173,93574.2,93088.0,0.0,-0.5195876641210906,-0.2746483539266209,93574.2,93088.0,0.0,-0.5195876641210906,-0.11570985433795311,0.5298469022444097,0.040565825911236614,Q1_quiet
2026-01-06T15:25:00+00:00,94090.1,-0.0859814156856098,94129.7,93871.9,0.04208731843200475,-0.2319053758046974,-0.694015629699618,94129.7,93300.8,0.04208731843200475,-0.8388767787471774,-0.5132314664348381,94129.7,93292.0,0.04208731843200475,-0.8482295161765241,-1.3639054480758417,94129.7,92781.3,0.04208731843200475,-1.3910071303994798,-1.7133577283901302,94129.7,92300.6,0.04208731843200475,-1.9019004124769756,0.5741130695969154,1.0133903566900238,0.1284160191273158,Q2
2026-01-06T20:30:00+00:00,92513.3,0.09025729273519634,92629.2,92513.2,0.12527928416778966,-0.00010809256615340601,0.05134396892123583,92665.9,92513.2,0.1649492559448129,-0.00010809256615340601,-0.14484403864093442,92665.9,92369.4,0.1649492559448129,-0.15554520268978855,1.3035963477683765,93822.2,92337.8,1.4148235983366675,-0.18970245359315463,0.5861859862311691,93822.2,92337.8,1.4148235983366675,-0.18970245359315463,-1.5912272415891104,3.1005271674451067,0.23200521116056966,Q4_active
2026-01-07T02:25:00+00:00,92651.7,0.060441416617296184,92715.7,92613.6,0.06907590470546232,-0.04112174951996783,0.25892671154443825,92916.8,92613.6,0.28612534902221487,-0.04112174951996783,0.29303293949274334,93021.5,92613.6,0.39912921187630346,-0.04112174951996783,0.3386877952590295,93080.0,92613.6,0.462268906021146,-0.04112174951996783,0.09713799099206888,93080.0,92613.6,0.462268906021146,-0.04112174951996783,-0.8945533116549775,1.652533088977311,0.14580609167146177,Q3
2026-01-07T10:50:00+00:00,91895.2,0.0314488678407665,91953.0,91874.6,0.0628977356815108,-0.022416840052574827,0.22286256518295744,92102.5,91873.9,0.22558305548059376,-0.023178577335924988,0.24941455048794747,92128.9,91873.9,0.25431143302370174,-0.023178577335924988,0.22852118500205076,92217.0,91873.9,0.35018151111265716,-0.023178577335924988,0.10664321966762369,92217.0,91873.9,0.35018151111265716,-0.023178577335924988,-0.675742863195572,1.501601824687246,0.21186038630972767,Q3
2026-01-07T16:55:00+00:00,91230.0,-0.013701633234686206,91269.0,91000.0,0.04274909569219609,-0.2521100515181396,-0.00032883919763859737,91283.3,91000.0,0.05842376411269168,-0.2521100515181396,0.36621725309657904,91627.9,91000.0,0.4361503891263885,-0.2521100515181396,-0.01655157294749854,91660.0,91000.0,0.47133618327304116,-0.2521100515181396,-0.40337608242903,91660.0,90707.9,0.47133618327304116,-0.572289816946181,-0.8756365722506043,1.3870437356132788,0.15584691845061938,Q3
2026-01-08T01:35:00+00:00,91326.1,-0.0055843838727476225,91344.2,91309.8,0.01981908786206077,-0.017848128848163558,0.026169955795762867,91376.7,91276.4,0.055405847835388045,-0.05442036832845609,0.040733152954075535,91440.5,91275.6,0.12526539510611112,-0.055296350112399306,-0.4798190221634413,91440.5,90837.9,0.12526539510611112,-0.5345678836608747,-0.36243746311295233,91440.5,90713.6,0.12526539510611112,-0.6706735533434593,0.28495628474105583,0.8858365790283391,0.06606583670663772,Q2
2026-01-08T07:55:00+00:00,90507.0,0.01171180129715399,90553.1,90410.5,0.05093528677340142,-0.10662158728054205,0.0907112157070733,90599.2,90410.5,0.10187057354680285,-0.10662158728054205,0.18749930944568227,90676.7,90410.5,0.18749930944568227,-0.10662158728054205,-0.33920028285104875,90741.2,90123.3,0.258764515451837,-0.42394510921807127,-0.582938336261285,90741.2,89925.1,0.258764515451837,-0.6429336957362364,-0.46037639564655564,1.7219662567536214,0.10654652820199574,Q3
2026-01-08T16:30:00+00:00,90448.2,-0.031509748121028025,90500.0,90262.4,0.05727034921645391,-0.20542144564513753,0.3711516647097346,90840.0,90262.4,0.433176116274292,-0.20542144564513753,0.6138320055014912,91057.0,90262.4,0.6730924440729646,-0.20542144564513753,0.6200233946059841,91215.2,90262.4,0.8479991862745839,-0.20542144564513753,0.7379914691503009,91425.1,90262.4,1.08006571717294,-0.20542144564513753,0.272275965437796,1.7855523935246915,0.04468379302816223,Q3
2026-01-08T22:05:00+00:00,91151.9,0.26033467212422945,91449.9,91139.2,0.3269268111800283,-0.013932786919412798,0.13450076191501292,91449.9,91139.2,0.3269268111800283,-0.013932786919412798,-0.14755589296547855,91449.9,90974.4,0.3269268111800283,-0.19472989592098644,0.12956394765222257,91449.9,90974.4,0.3269268111800283,-0.19472989592098644,-0.062094152727465435,91449.9,90974.4,0.3269268111800283,-0.19472989592098644,0.04620798201728782,0.9927384947543703,0.010051331025424715,Q2
2026-01-09T08:35:00+00:00,90378.6,-0.10389627633090592,90440.0,90255.5,0.06793643628026924,-0.13620480954562586,-0.7727493012726572,90440.0,89650.2,0.06793643628026924,-0.8059429997809286,-0.2680944382851713,90440.0,89650.2,0.06793643628026924,-0.8059429997809286,-0.10113013478855182,90440.0,89650.2,0.06793643628026924,-0.8059429997809286,0.11518213382371023,90508.7,89650.2,0.1439500058642018,-0.8059429997809286,-0.8933770353743098,0.9474588010878552,0.27402374625811154,Q2
2026-01-09T13:50:00+00:00,90671.5,-0.12297138571657484,90671.6,90559.9,0.00011028823831971124,-0.12308167395488345,-0.4225142409687743,90671.6,90280.4,0.00011028823831971124,-0.4313373000336407,-0.27130906624462936,90671.6,90199.2,0.00011028823831971124,-0.5208913495420298,-0.7074990487639488,90671.6,89888.7,0.00011028823831971124,-0.8633363294971441,0.36086311575300734,91995.7,89799.9,1.4604368517119548,-0.9612722851171651,1.105372200329624,1.4705833696365387,0.27968851395198213,Q3
2026-01-09T18:50:00+00:00,90849.9,-0.08552568577400166,90882.6,90766.6,0.03599343532574295,-0.0916896991631111,-0.2398461638372651,90882.6,90555.4,0.03599343532574295,-0.32416106126699207,-0.556962638373848,90882.6,90249.7,0.03599343532574295,-0.6606501493122141,-0.5006059445304745,90882.6,90144.8,0.03599343532574295,-0.7761153286904965,-0.6460106175130598,90882.6,90144.8,0.03599343532574295,-0.7761153286904965,0.19675421714651087,2.4169536785401005,0.020270884465047996,Q4_active
2026-01-10T02:10:00+00:00,90705.8,-0.025466949191788046,90705.8,90671.0,0.0,-0.03836579358762471,0.03571987678847588,90745.5,90665.4,0.043767873719202655,-0.04453959945230901,-0.14431271208678043,90745.5,90559.7,0.043767873719202655,-0.16107018514803784,-0.18598590167331341,90745.5,90517.2,0.043767873719202655,-0.2079249617995771,-0.2277693377931822,90745.5,90477.6,0.043767873719202655,-0.25158258898548835,0.4258136517229616,0.47714699611271044,0.17895030709101478,Q1_quiet
2026-01-10T11:10:00+00:00,90744.3,-0.009256779764688083,90757.5,90735.9,0.014546368201640014,-0.009256779764688083,-0.01068937663302183,90767.1,90733.9,0.02512554507556608,-0.01146077494675879,-0.0068323850644036455,90767.8,90733.9,0.025896943389280835,-0.01146077494675879,-0.04253710701389579,90767.8,90660.2,0.025896943389280835,-0.09267799740589888,-0.08948220439189969,90767.8,90624.4,0.025896943389280835,-0.13212951116490235,0.22996351731519038,0.40388211711369193,0.1300274793904532,Q1_quiet
2026-01-10T20:15:00+00:00,90601.8,0.00011037308309536087,90601.9,90601.1,0.00011037308309536087,-0.0007726115816675261,-0.04679818723248852,90602.1,90558.3,0.0003311192492860826,-0.04801229114653749,-0.0598222110377411,90602.1,90539.8,0.0003311192492860826,-0.06843131151920145,-0.13200620738219593,90602.1,90461.4,0.0003311192492860826,-0.1549638086660643,-0.23410130924551575,90602.1,90356.8,0.0003311192492860826,-0.2704140535839228,0.03743048033575391,0.26754435342343547,0.03665261109310024,Q1_quiet
2026-01-11T05:15:00+00:00,90717.9,-0.015983615141001994,90717.9,90696.2,0.0,-0.02392030679722046,0.015322224169667109,90738.0,90696.2,0.022156597540301526,-0.02392030679722046,0.054013595993729346,90819.7,90696.2,0.11221600147270916,-0.02392030679722046,-0.06569816982093801,90819.7,90652.0,0.11221600147270916,-0.0726427750201375,-0.09920864570277521,90819.7,90531.7,0.11221600147270916,-0.20525166477618484,0.22715144792475606,0.26400522939794685,0.20928338762215148,Q1_quiet
2026-01-11T14:15:00+00:00,90900.7,0.02761254863825613,90925.9,90900.7,0.02772255879217589,0.0,0.07381681329188261,91011.0,90900.7,0.12134119979274605,0.0,0.10935009301360488,91011.0,90900.7,0.12134119979274605,0.0,-0.033443086796902666,91139.3,90818.1,0.26248422729417964,-0.09086838715212098,0.011331045855533795,91139.3,90654.0,0.26248422729417964,-0.27139504976309015,0.16583985489839748,0.38415545754872854,0.11563580484057116,Q1_quiet
2026-01-12T02:30:00+00:00,91690.4,0.17166464537181625,91935.0,91683.0,0.2667672951584876,-0.008070637711243833,0.5161936255049682,92166.2,91683.0,0.5189201922993103,-0.008070637711243833,0.4814026332091492,92358.0,91683.0,0.7281023967612876,-0.008070637711243833,0.5404055386387219,92480.0,91683.0,0.861158856325206,-0.008070637711243833,0.46842417526806734,92480.0,91683.0,0.861158856325206,-0.008070637711243833,1.147599395919019,1.8969270501601072,0.18240317009450036,Q3
2026-01-12T12:00:00+00:00,90665.0,0.013345833563116472,90736.7,90660.0,0.07908233607234472,-0.00551480725748954,0.10941377598852053,90795.1,90660.0,0.1434952848398119,-0.00551480725748954,0.08051618595930066,90828.2,90660.0,0.18000330888434668,-0.00551480725748954,0.043787569624442746,90828.2,90606.8,0.18000330888434668,-0.06419235647713295,-0.1056637070534383,90828.2,90490.8,0.18000330888434668,-0.19213588485081923,-1.2448819763876462,1.7776429713781472,0.2650694621610945,Q3
2026-01-12T21:40:00+00:00,91248.5,-0.1501394543471979,91248.5,91083.0,0.0,-0.18137284448511704,-0.26619615664914553,91248.5,90877.5,0.0,-0.4065820260059083,0.12252256201472633,91394.2,90877.5,0.15967385765245368,-0.4065820260059083,0.05643928393344044,91394.2,90877.5,0.15967385765245368,-0.4065820260059083,-0.016438626388382005,91394.2,90877.5,0.15967385765245368,-0.4065820260059083,-0.9522848105525283,1.4151465503542555,0.15765450069186016,Q3
2026-01-13T02:50:00+00:00,91204.5,-0.12181416487125896,91204.5,91069.4,0.0,-0.14812865593255564,-0.11995022175440573,91204.5,91069.4,0.0,-0.14812865593255564,0.20393730572505486,91436.0,91069.4,0.2538251950287451,-0.14812865593255564,0.06929482646140794,91436.0,91069.4,0.2538251950287451,-0.14812865593255564,0.2149016770005785,91621.0,91069.4,0.4566660636262432,-0.14812865593255564,0.31589147499979653,0.6893300220932049,0.08924798011186862,Q1_quiet
2026-01-13T14:00:00+00:00,91865.1,0.10874641185825151,91965.1,91865.1,0.10885526712538507,0.0,0.23588936386069737,92134.3,91865.1,0.29303837910152897,0.0,0.5904309688880671,92482.8,91865.1,0.6723989850334844,0.0,0.38284397447996277,92883.0,91865.1,1.1080377640692696,0.0,1.829312764042057,93657.0,91865.1,1.950577531619735,0.0,-0.5322840681834529,1.0074554972454175,0.14285714285714043,Q2
2026-01-13T20:55:00+00:00,94357.9,0.04673694518424476,94407.8,94312.8,0.0528837543014582,-0.04779673985960686,-0.030522086650919267,94440.7,94291.4,0.08775099912143869,-0.07047634591273999,-0.09877286374537775,94472.1,94261.5,0.12102855192837048,-0.10216420670658977,-0.3413598649397609,94472.1,94012.4,0.12102855192837048,-0.36615906034365153,1.4546741714260403,96741.4,94012.4,2.5260206087672543,-0.36615906034365153,1.0229929851909514,1.5350066078197948,0.18802022865463727,Q3
2026-01-14T15:00:00+00:00,96320.2,0.19362501323709758,96584.0,96320.0,0.27387816885762195,-0.00020764076485990657,0.5432920612706393,97054.6,96320.0,0.7624568885862049,-0.00020764076485990657,0.4856717490204554,97054.6,96320.0,0.7624568885862049,-0.00020764076485990657,0.5908417964248569,97054.6,96234.3,0.7624568885862049,-0.0891817085097335,1.050246988689807,97643.8,96234.3,1.374166581880032,-0.0891817085097335,1.3214255659345309,2.2188492133529594,0.23045312786644662,Q4_active
2026-01-14T20:50:00+00:00,97467.9,0.14302144603506317,97620.0,97428.1,0.15605137691485638,-0.040833956615449196,-0.03601185621111558,97620.0,97383.8,0.15605137691485638,-0.08628481787336106,0.06771460142263042,97620.0,97383.8,0.15605137691485638,-0.08628481787336106,-0.05058075530506301,97667.1,97379.9,0.20437497883920575,-0.09028613523016649,-0.5560805147130532,97667.1,96848.0,0.20437497883920575,-0.6360042639679264,0.795043593994138,1.7745329487964665,0.09533493712953459,Q3
2026-01-15T06:55:00+00:00,96195.3,0.06414034781325739,96262.8,96133.2,0.07016974841806967,-0.0645561685446272,-0.03659222436023235,96278.1,96133.2,0.08607489139282887,-0.0645561685446272,0.24782915589429688,96450.0,96133.2,0.26477385069747505,-0.0645561685446272,0.4156128210006216,96718.4,96133.2,0.5437895614442523,-0.0645561685446272,0.42070662495985456,96718.4,96133.2,0.5437895614442523,-0.0645561685446272,-0.2144146387004442,0.8722879392236479,0.04173986793481453,Q2
2026-01-15T15:50:00+00:00,95633.6,1.1526283649261115,96783.8,95611.2,1.202715363637874,-0.023422730086508636,0.7042503889846286,96961.0,95611.2,1.388005889143562,-0.023422730086508636,0.9430785832594379,96961.0,95611.2,1.388005889143562,-0.023422730086508636,1.016379180539051,96961.0,95611.2,1.388005889143562,-0.023422730086508636,1.0437754094795082,97044.0,95611.2,1.4747954693747678,-0.023422730086508636,-1.226386837566229,1.7740626725334936,0.1817374801028519,Q3
2026-01-16T00:40:00+00:00,95763.9,-0.05732849226064429,95766.6,95673.6,0.002819434045608915,-0.09429440530303035,-0.19193036206752723,95766.6,95563.5,0.002819434045608915,-0.2092646602738557,-0.33791439154001734,95766.6,95381.3,0.002819434045608915,-0.39952424661066077,-0.16143870498172008,95825.5,95381.3,0.06432486563308082,-0.39952424661066077,-0.3275764667061365,95825.5,95349.1,0.06432486563308082,-0.4331486081915914,0.4246059627303067,0.7706453057989494,0.09989391360126058,Q1_quiet
2026-01-16T09:40:00+00:00,95617.0,-0.06473744208664867,95623.9,95549.6,0.0072162899902750155,-0.0704895572962938,-0.05114153340932681,95623.9,95549.6,0.0072162899902750155,-0.0704895572962938,-0.09987763682189899,95623.9,95442.9,0.0072162899902750155,-0.18208059236328733,-0.28708284091740754,95623.9,95278.0,0.0072162899902750155,-0.3545394647395339,-0.3670895342878344,95623.9,95210.3,0.0072162899902750155,-0.42534277377453966,0.44382816234131983,0.7214198312015676,0.154360454495637,Q1_quiet
2026-01-16T22:30:00+00:00,95340.1,-0.012691406868681199,95346.5,95283.1,0.006712810244580147,-0.05978596624085508,0.010278990687018208,95376.8,95202.4,0.03849377124629516,-0.14443030791871925,0.09765041152671738,95476.9,95202.4,0.14348631897804776,-0.14443030791871925,0.16519806461290365,95530.3,95202.4,0.1994963294563279,-0.14443030791871925,0.06503034924443263,95536.0,95202.4,0.20547492608040674,-0.14443030791871925,0.5770462196088122,0.964966472659458,0.15755515870729803,Q2
2026-01-17T04:35:00+00:00,95250.4,0.04850373331766189,95301.9,95233.2,0.05406801441254494,-0.01805766694942257,0.06803121036762505,95318.7,95233.2,0.07170573561896543,-0.01805766694942257,0.040734737071979055,95325.5,95233.2,0.07884481325013404,-0.01805766694942257,0.0010498643575163058,95346.1,95233.2,0.10047201901515201,-0.01805766694942257,0.023831920915839966,95346.1,95146.1,0.10047201901515201,-0.1095008524898411,-0.21538719409990303,0.41280666537883,0.1371032275273493,Q1_quiet
2026-01-17T13:40:00+00:00,95387.3,-0.006604652820663137,95387.3,95360.6,0.0,-0.027991147668504635,0.01299963412320082,95401.1,95355.9,0.014467334750012384,-0.03291842834424186,0.002830565494571502,95401.1,95311.5,0.014467334750012384,-0.07946550536601649,0.023273538510881764,95500.0,95311.5,0.11814990045844187,-0.07946550536601649,0.16081805439507324,95619.9,95311.5,0.243847975569067,-0.07946550536601649,0.230118642447108,0.3786667617177518,0.1465667246687236,Q1_quiet
2026-01-17T22:40:00+00:00,95099.6,-0.030494344876319524,95099.6,95002.1,0.0,-0.10252409053245204,0.02229241763371803,95199.4,95002.1,0.10494260753988183,-0.10252409053245204,0.03838081337881327,95199.4,95002.1,0.10494260753988183,-0.10252409053245204,0.016298701571826335,95199.4,95002.1,0.10494260753988183,-0.10252409053245204,0.00042061165346218843,95199.4,95002.1,0.10494260753988183,-0.10252409053245204,-0.3067336742416993,0.42828781614223704,0.22261107729762802,Q1_quiet
2026-01-18T07:40:00+00:00,94998.9,0.03621094560042337,95052.1,94998.8,0.05600064842856689,-0.00010526437673741285,-0.009473793907088801,95052.1,94989.9,0.05600064842856689,-0.009473793907088801,0.010947495181534705,95052.1,94980.0,0.05600064842856689,-0.01989496720488093,0.13494893098764393,95165.4,94980.0,0.17526518728112617,-0.01989496720488093,0.2154761791978821,95230.7,94980.0,0.2440028252958859,-0.01989496720488093,0.08238455890021701,0.32937223483639727,0.04699519230769344,Q1_quiet
2026-01-18T16:40:00+00:00,95134.8,-0.05749736163842556,95135.1,95080.1,0.000315342019963083,-0.05749736163842556,-0.011772768744977569,95145.2,95079.0,0.010931856691764885,-0.058653615711601326,-0.03542342024158707,95190.9,95079.0,0.058968957731542204,-0.058653615711601326,0.024596677556476543,95244.9,95079.0,0.11573052132340944,-0.058653615711601326,0.16755172660267714,95398.5,95079.0,0.2771856355403113,-0.058653615711601326,0.05174285065245865,0.49950175960846827,0.024007026446764067,Q1_quiet
2026-01-19T00:45:00+00:00,92822.4,-0.1175362843451433,92822.5,92653.3,0.0001077326162723935,-0.1821758541041718,-0.2567268245595722,92822.5,92436.4,0.0001077326162723935,-0.4158478987830505,-0.10848674457889507,92825.6,92436.4,0.0034474437204945474,-0.4158478987830505,-0.6585694832281774,92825.6,92183.6,0.0034474437204945474,-0.688195952701065,-0.32071999862102185,92825.6,92183.6,0.0034474437204945474,-0.688195952701065,-2.635344071629675,3.9773804598890017,0.4585173559148845,Q4_active
2026-01-19T08:00:00+00:00,92706.9,0.02750604323948913,92738.8,92664.9,0.03440952075843828,-0.04530407121799973,0.16978240023126645,92911.3,92664.9,0.22047981326094312,-0.04530407121799973,0.3865947410602866,93176.0,92664.9,0.5060033287705767,-0.04530407121799973,0.49985491910526925,93316.8,92664.9,0.6578798341871028,-0.04530407121799973,0.23180583106543473,93316.8,92664.9,0.6578798341871028,-0.04530407121799973,0.15859965579119173,0.5028751905197965,0.05787274304186301,Q1_quiet
2026-01-19T21:10:00+00:00,93061.1,-0.039543912547779225,93071.8,92963.7,0.011497822398398583,-0.10466242071069942,-0.05523253002598372,93071.8,92963.7,0.011497822398398583,-0.10466242071069942,-0.048140415275554904,93071.8,92963.7,0.011497822398398583,-0.10466242071069942,-0.2617635080608416,93071.8,92678.8,0.011497822398398583,-0.41080537410368434,-0.6987882154842362,93071.8,92180.0,0.011497822398398583,-0.9467973191806256,0.0633318351608958,0.5276103549173607,0.02136302636828785,Q1_quiet
2026-01-20T02:50:00+00:00,92510.1,0.0096205711592523,92603.1,92469.1,0.10052956379897893,-0.04431948511568473,-0.13468799622960992,92620.0,92379.1,0.11879783937105426,-0.14160615975985502,-0.12463503984970759,92620.0,92349.9,0.11879783937105426,-0.17317028086664132,-0.13328274426251951,92620.0,92219.6,0.11879783937105426,-0.3140197664903588,-0.4757318390100185,92620.0,92026.3,0.11879783937105426,-0.5229699243650132,-0.5064475538013036,0.9921078887602417,0.1302663974107164,Q2
2026-01-20T20:25:00+00:00,89738.3,-0.10196315285669888,89773.2,89606.5,0.03889086376718254,-0.14687151416953315,-0.12614457817898828,89773.2,89572.0,0.03889086376718254,-0.18531663737779702,-0.04178817740028151,89824.4,89491.7,0.09594565531103605,-0.2747990545842849,-0.16804419071901888,89824.4,89491.7,0.09594565531103605,-0.2747990545842849,-0.2822652089464639,89824.4,89390.4,0.09594565531103605,-0.3876828511349184,-0.9434503769606861,1.8728903935109058,0.12489223350624717,Q3
2026-01-21T03:20:00+00:00,89196.9,0.04506883086745628,89237.7,89168.7,0.045741499984863765,-0.03161544851895126,0.14339063353099313,89388.0,89168.7,0.21424511389971368,-0.03161544851895126,0.2188416862021203,89568.5,89168.7,0.41660640672489535,-0.03161544851895126,0.25628693373873634,89568.5,89168.7,0.41660640672489535,-0.03161544851895126,0.3902601996257804,89617.6,89168.7,0.4716531628341514,-0.03161544851895126,-0.3722766172755132,2.075072115734957,0.05644082434423389,Q4_active
2026-01-21T10:10:00+00:00,89261.2,0.061840979059213375,89316.5,89254.9,0.06195300981837182,-0.0070579378274149285,0.03204079712126884,89350.5,89240.2,0.10004346793455188,-0.023526459424694224,0.014339937173146744,89357.5,89197.2,0.10788562107613142,-0.07169968586575592,0.004033107329948216,89357.5,89110.4,0.10788562107613142,-0.16894238482118018,-1.0239611387702574,89357.5,88166.4,0.10788562107613142,-1.2265127513410135,-0.3124825498933448,1.2717731780437769,0.0635389226996102,Q2
2026-01-21T16:35:00+00:00,88830.0,-0.8072723179106234,88830.0,88057.4,0.0,-0.8697512101767502,-0.6556343577620138,88830.0,88057.4,0.0,-0.8697512101767502,-1.1887875717662921,88830.0,87551.2,0.0,-1.4396037374760806,-1.1744906000225153,88830.0,87223.2,0.0,-1.8088483620398499,-0.8303501069458541,88830.0,87223.2,0.0,-1.8088483620398499,-0.44839129396919697,2.6599121918270887,0.047648536960069654,Q4_active
2026-01-21T23:55:00+00:00,89410.7,0.16127823627372084,89579.5,89409.7,0.18879172179615544,-0.0011184343708281475,0.2905692495417167,89684.4,89409.7,0.3061154872962657,-0.0011184343708281475,0.43283410151133683,89855.3,89409.7,0.4972559212711669,-0.0011184343708281475,0.5139205933965441,89996.9,89409.7,0.655626228180739,-0.0011184343708281475,0.7386140584963563,90161.0,89409.7,0.8391613084339999,-0.0011184343708281475,1.0963228634650601,2.429686827191834,0.12738786557006562,Q4_active
2026-01-22T10:15:00+00:00,89965.6,0.05413180148856611,90066.4,89965.1,0.11204282525765219,-0.0005557679824241823,0.07258329850519107,90066.4,89965.1,0.11204282525765219,-0.0005557679824241823,0.06591408271605648,90066.4,89965.1,0.11204282525765219,-0.0005557679824241823,0.01689534666582393,90123.0,89896.7,0.17495576086858922,-0.07658482797869848,0.0058911406137340805,90123.0,89843.6,0.17495576086858922,-0.13560738771263292,-0.02333680792473425,0.4965231155019219,0.008916440217391481,Q1_quiet
2026-01-22T16:35:00+00:00,88855.2,0.07923002818068792,88932.0,88757.0,0.08643275801529793,-0.1105168858997474,0.12087081003702149,89230.6,88757.0,0.4224851218612047,-0.1105168858997474,0.5005897235052181,89329.9,88757.0,0.5342399769512562,-0.1105168858997474,0.22666090448280052,89389.8,88757.0,0.6016530264970399,-0.1105168858997474,0.9292646913179992,89754.0,88757.0,1.011533371147677,-0.1105168858997474,-1.1815261973184388,2.0653827800736444,0.16797900262467352,Q4_active
2026-01-22T22:55:00+00:00,89309.6,-0.18978922758583483,89336.6,89127.8,0.030231912358802404,-0.20356154321595765,-0.05240198142193453,89336.6,89119.7,0.030231912358802404,-0.2126311169236117,0.10088501124179139,89480.0,89119.7,0.1907969579977964,-0.2126311169236117,0.2340173956663083,89544.9,89119.7,0.2634655177046863,-0.2126311169236117,0.18721391653304664,89601.3,89119.7,0.32661662352087006,-0.2126311169236117,-0.2163051153478257,0.9423399052285597,0.0381673369608055,Q2
2026-01-23T14:00:00+00:00,89345.2,0.04823986067523656,89402.9,89344.9,0.0645809735721592,-0.00033577629240388873,0.09592009419643333,89460.8,89344.9,0.1293857980059432,-0.00033577629240388873,-0.269740288230369,89691.7,89104.2,0.38782161772541457,-0.269740288230369,-0.3863665871249866,89691.7,88610.5,0.38782161772541457,-0.8223161400948253,0.6228650224074705,89907.7,88528.9,0.6295805482555261,-0.9136472916284277,0.06764869272259944,0.6478243934760938,0.02166116769473329,Q1_quiet
2026-01-23T22:05:00+00:00,89548.0,0.03752177603073559,89719.1,89547.9,0.1910707106803189,-0.00011167195247407946,0.16974136775806947,89719.1,89547.9,0.1910707106803189,-0.00011167195247407946,0.12697100996112987,89719.1,89547.9,0.1910707106803189,-0.00011167195247407946,-0.032608210121942705,89719.1,89476.6,0.1910707106803189,-0.0797337740653048,-0.04466878098896565,89719.1,89427.0,0.1910707106803189,-0.13512306249162664,-0.4597517162878484,2.255215080180462,0.06031440487648393,Q4_active
2026-01-24T09:55:00+00:00,89567.5,-0.00011164764005533456,89567.5,89566.6,0.0,-0.0010048287604202955,0.03226616797387116,89632.4,89566.6,0.07245931839114927,-0.0010048287604202955,0.020543165768827087,89632.4,89566.6,0.07245931839114927,-0.0010048287604202955,0.02389259497026508,89632.4,89538.8,0.07245931839114927,-0.032042872693771596,-0.021213051609125788,89641.1,89538.8,0.08217266307533055,-0.032042872693771596,-0.2645729474161307,0.322215089178559,0.22671755725193285,Q1_quiet
2026-01-24T18:55:00+00:00,89351.7,-0.021040450265641386,89352.0,89332.9,0.000335751865954137,-0.021040450265641386,-0.09087683838135963,89352.0,89270.1,0.000335751865954137,-0.09132450753593924,-0.10923127371945673,89352.0,89230.2,0.000335751865954137,-0.1359795057061075,-0.07341774135242174,89352.0,89230.2,0.000335751865954137,-0.1359795057061075,-0.020257029245096536,89363.2,89230.2,0.012870488194405283,-0.1359795057061075,0.03369845591658649,0.3997685550470748,0.01987192183270042,Q1_quiet
2026-01-25T03:55:00+00:00,88920.1,0.06736384686925057,88991.5,88905.5,0.08029680578405252,-0.016419234796183346,0.02665314141572228,88995.2,88905.5,0.08445784473924967,-0.016419234796183346,0.015744471722367592,88995.2,88905.5,0.08445784473924967,-0.016419234796183346,0.06432741303710188,89054.0,88905.5,0.15058462597319355,-0.016419234796183346,0.05026984899927367,89054.0,88835.1,0.15058462597319355,-0.09559143545722071,-0.5255627313600186,0.7115376613386591,0.2639919082939826,Q1_quiet
2026-01-25T18:50:00+00:00,87356.3,0.015911846083227488,87429.0,87299.9,0.08322238922664482,-0.0645631740355368,-0.0645631740355368,87469.6,87178.0,0.12969871663521815,-0.2041066299740324,-0.7511765035835949,87469.6,86526.4,0.12969871663521815,-0.9500173427675063,-1.0175568333365859,87469.6,86130.2,0.12969871663521815,-1.403562192995822,-0.896329171450716,87469.6,86130.2,0.12969871663521815,-1.403562192995822,-1.7489340500026485,2.4513400865192256,0.30334360735047505,Q4_active
2026-01-26T05:10:00+00:00,87651.5,0.06696976092821494,87727.8,87649.8,0.08704928038880677,-0.0019394990388055255,0.1857355550104689,87821.3,87649.8,0.1937217275232106,-0.0019394990388055255,0.15664306942837491,87870.3,87649.8,0.24962493511235806,-0.0019394990388055255,0.0653725264256888,87909.0,87649.8,0.29377706028990147,-0.0019394990388055255,0.3687329937308581,87998.6,87649.8,0.39600006845290636,-0.0019394990388055255,0.722454345298007,1.6643183516539966,0.1238354113730798,Q3
2026-01-26T13:25:00+00:00,87850.1,0.14797934208383712,88010.3,87830.3,0.18235608155254823,-0.022538392102000593,0.12862819734980047,88010.3,87830.3,0.18235608155254823,-0.022538392102000593,0.0795673539358388,88010.3,87830.3,0.18235608155254823,-0.022538392102000593,-0.2361977960184447,88010.3,87597.8,0.18235608155254823,-0.28719375390580115,0.6895837341106992,88819.9,87419.5,1.1039258919454786,-0.4901531130869552,-0.3466593765349191,0.7124636170021368,0.1064215071737016,Q1_quiet
2026-01-26T19:00:00+00:00,88337.9,0.022300733886604363,88400.0,88267.4,0.07029825250544075,-0.07980719487332699,-0.061694923696398174,88400.0,88219.1,0.07029825250544075,-0.13448361348864513,-0.1938013015930884,88400.0,88054.1,0.07029825250544075,-0.3212664100006757,-0.37843326590284443,88400.0,87906.9,0.07029825250544075,-0.4878993048283875,-0.8640685368341172,88400.0,87505.4,0.07029825250544075,-0.942404109674333,0.479089865747917,2.0715910158606894,0.05443407686939421,Q4_active
2026-01-27T04:10:00+00:00,88765.1,0.0301920461983185,88817.2,88736.6,0.058694239064660536,-0.032107213307930316,0.032219870196725786,88849.1,88720.1,0.09463178659179228,-0.05069559995989348,-0.14138439544369996,88849.1,88631.5,0.09463178659179228,-0.15050960343648834,-0.3888915801367965,88849.1,88383.4,0.09463178659179228,-0.4300113445487197,-0.3393225490649021,88849.1,88357.0,0.09463178659179228,-0.4597527631918452,0.7001868450638105,0.9919439058819288,0.1711022399645167,Q2
2026-01-27T18:25:00+00:00,87826.0,-0.10293079498098212,87927.0,87700.5,0.11500011386149644,-0.14289618108532798,-0.034500034158457815,87927.0,87700.5,0.11500011386149644,-0.14289618108532798,0.48243117072392927,88480.6,87700.5,0.7453373716211686,-0.14289618108532798,0.44178261562635157,88480.6,87700.5,0.7453373716211686,-0.14289618108532798,1.4631202605151161,89170.0,87700.5,1.5302985448500506,-0.14289618108532798,0.05217577540266305,1.7342244893311678,0.006530169955515396,Q3
2026-01-28T04:15:00+00:00,88824.1,0.009006564659808092,88875.7,88802.3,0.05809234205580438,-0.024542888697998144,0.16560820768236617,88984.9,88801.9,0.18103194966230252,-0.02499321693100187,0.16853534119680713,89089.1,88801.9,0.29834245435642615,-0.02499321693100187,0.06068172939550642,89089.1,88801.9,0.29834245435642615,-0.02499321693100187,0.46271225939806815,89247.8,88801.9,0.47701018079553403,-0.02499321693100187,-0.4969322610529847,0.7726506657540047,0.12930682679414457,Q1_quiet
2026-01-28T11:35:00+00:00,89411.0,0.24258760107815913,89635.8,89411.0,0.25142320296160925,0.0,0.6753084072429694,90086.7,89411.0,0.7557235686884045,0.0,0.6484660724072056,90122.2,89411.0,0.7954278556329797,0.0,0.5611166411291668,90139.1,89411.0,0.8143293330798329,0.0,0.9227052599791952,90330.0,89411.0,1.0278377380859238,0.0,0.2790420155626583,0.9493239086913275,0.0779839518555674,Q2
2026-01-28T17:35:00+00:00,89605.8,0.23257423068594463,89949.0,89570.0,0.3830109211680366,-0.03995277091438654,0.9410105149443515,90580.0,89570.0,1.0872064085137412,-0.03995277091438654,0.09709192931708355,90580.0,89470.4,1.0872064085137412,-0.15110628999462916,-0.006249595450302792,90580.0,89470.4,1.0872064085137412,-0.15110628999462916,-0.3859125190556867,90580.0,89040.0,1.0872064085137412,-0.6314323403172617,-0.3413310911584144,1.7754431074774275,0.054223572854642826,Q3
2026-01-29T03:45:00+00:00,88013.0,-0.028632133889305855,88013.6,87938.1,0.0006817174735607168,-0.08510106461544487,0.00045447831569234154,88040.0,87938.1,0.030677286309988006,-0.08510106461544487,-0.07828388987989321,88052.8,87922.3,0.045220592412498206,-0.10305295808573645,0.2069012532239567,88209.9,87862.1,0.223716950904973,-0.17145194459908808,0.21428652585413488,88373.0,87862.1,0.4090304841330328,-0.17145194459908808,-1.4013503779243264,2.019019917512186,0.28883142072086343,Q4_active
2026-01-29T10:45:00+00:00,87807.0,0.1683237099547874,87965.5,87806.9,0.18050952657533426,-0.00011388613664342628,0.15864338834035152,87965.5,87806.6,0.18050952657533426,-0.0004555445465515007,0.11673329005659205,88027.3,87806.6,0.25089115901921755,-0.0004555445465515007,-0.10511690411926233,88027.3,87713.5,0.25089115901921755,-0.10648353775895014,0.17971232361884137,88069.7,87711.0,0.29917888095480905,-0.10933069117495808,-0.44738417443674905,0.781486669627703,0.11748943011969222,Q1_quiet
2026-01-29T22:10:00+00:00,84314.2,0.09583201880585257,84397.7,84314.0,0.09903432636495513,-0.00023720796733517346,0.10804822912393597,84430.8,84314.0,0.13829224495993664,-0.00023720796733517346,0.11765515180124364,84450.5,84314.0,0.16165722974303964,-0.00023720796733517346,0.14920381145762107,84553.6,84314.0,0.2839379369074413,-0.00023720796733517346,0.21467321044379428,84699.9,84314.0,0.45745556501750606,-0.00023720796733517346,-1.0378129166744854,2.679026783151596,0.12875323994524798,Q4_active
2026-01-30T08:25:00+00:00,82650.1,-0.2119779649389586,82650.1,82450.2,0.0,-0.24186298625169522,-0.12014504519656244,82650.1,82399.3,0.0,-0.30344790871397187,-0.030006013301864254,82650.1,82399.3,0.0,-0.30344790871397187,-0.3407134413630497,82793.5,82136.4,0.1735025123986489,-0.6215358481115096,-0.203266541722269,82793.5,82115.3,0.1735025123986489,-0.647065157815907,0.39526411878818557,1.5473665488607928,0.05975905384559009,Q3
2026-01-30T20:10:00+00:00,83864.5,-0.03052543090342752,83936.0,83763.4,0.08525657459355074,-0.12055160407562493,0.07893685647681892,84164.5,83501.0,0.3577198933994774,-0.4334372708356904,0.08907225345646808,84268.8,83501.0,0.4820871763380197,-0.4334372708356904,0.18720674421239814,84268.8,83501.0,0.4820871763380197,-0.4334372708356904,0.1321178806288792,84484.1,83501.0,0.738810819834379,-0.4334372708356904,0.7103142675296992,3.2965080576406054,0.04935129948687998,Q4_active
2026-01-31T01:40:00+00:00,84009.7,-0.11867677184895786,84009.8,83895.5,0.00011903387346912098,-0.1359366835020248,-0.0509464978448948,84009.8,83895.5,0.00011903387346912098,-0.1359366835020248,-0.0396382798653061,84010.1,83888.3,0.00047613549389868837,-0.14450712239181263,0.1024881650571352,84116.7,83775.6,0.1273662446122259,-0.2786582977917895,0.030353637734692462,84191.0,83775.6,0.21580841259998262,-0.2786582977917895,0.08398936372993049,0.9622698331264232,0.015186437757146471,Q2
2026-01-31T14:40:00+00:00,80962.8,0.1325300014327624,81256.5,80851.3,0.36275919311090643,-0.13771756905640586,0.6048456822145498,81539.0,80851.3,0.7116848725587488,-0.13771756905640586,0.3207645980623175,81759.8,80851.3,0.9844027133449007,-0.13771756905640586,0.4231573018719681,81759.8,80851.3,0.9844027133449007,-0.13771756905640586,-0.01704486504914282,82186.4,80452.4,1.5113113676898493,-0.630412979788264,-2.659576386626239,3.000143275677224,0.45496801793463904,Q4_active
2026-02-01T02:20:00+00:00,78538.9,0.07283015168280116,78596.1,78499.9,0.07283015168280116,-0.049656921601903825,0.25503285632979544,78778.2,78499.9,0.30468977793169927,-0.049656921601903825,0.5856970240224912,78998.9,78499.9,0.5856970240224912,-0.049656921601903825,0.21619859712831424,79024.0,78499.9,0.6176557094637269,-0.049656921601903825,0.5331116173004968,79096.0,78499.9,0.709330026267252,-0.049656921601903825,1.4169386996136346,2.4926501389757143,0.1296416630238286,Q4_active
2026-02-01T07:40:00+00:00,78538.1,-0.16476079762561824,78544.1,78403.3,0.007639604217568596,-0.17163644142142997,-0.27668099941302593,78544.1,78307.9,0.007639604217568596,-0.29310614848081507,-0.16195960941252086,78544.1,78307.9,0.007639604217568596,-0.29310614848081507,0.37383129971311213,78834.0,78216.7,0.37675981466318564,-0.40922813258789104,0.37434060666097224,78877.8,78216.7,0.4325289254514697,-0.40922813258789104,-0.22650934239877296,1.4839931192631346,0.03935200512039324,Q3
2026-02-01T15:45:00+00:00,77357.4,0.18744166686057717,77550.0,77301.0,0.24897424163687898,-0.07290834490299991,-0.3090848451473227,77838.1,77056.7,0.6214014431715764,-0.38871523603429825,-0.26565008648170574,77838.1,77056.7,0.6214014431715764,-0.38871523603429825,-0.24121803473228232,77838.1,77056.7,0.6214014431715764,-0.38871523603429825,0.021717379332808484,77838.1,77056.7,0.6214014431715764,-0.38871523603429825,-1.3819233211033954,2.6946355487645657,0.15760853761377278,Q4_active
2026-02-01T23:20:00+00:00,76570.1,0.2581947783795391,76979.6,76570.1,0.534804055368876,0.0,0.9463223895489037,77573.2,76570.1,1.3100413869121086,0.0,0.48217254515796615,77573.2,76570.1,1.3100413869121086,0.0,1.7525117506702825,77996.4,76570.1,1.862737543767068,0.0,1.392188334611033,78109.4,76570.1,2.0103147312070746,0.0,-1.8708213133683205,3.3046842044087628,0.12447135061391473,Q4_active
2026-02-02T11:25:00+00:00,77777.0,0.06788639314965206,77839.9,77716.2,0.08087223729378312,-0.07817221029353671,0.027000270002708326,77928.9,77716.2,0.19530195301953324,-0.07817221029353671,-0.08048651915091298,77928.9,77663.6,0.19530195301953324,-0.14580145801457167,0.45540455404553537,78380.3,77663.6,0.7756791853632761,-0.14580145801457167,0.13024415958444724,78380.3,77663.6,0.7756791853632761,-0.14580145801457167,2.803750670801186,3.750080357946433,0.2372229305061601,Q4_active
2026-02-02T21:05:00+00:00,78275.3,0.044841731682909725,78366.0,78255.8,0.11587307873619501,-0.02491207315717947,-0.12430485734324925,78425.6,78167.1,0.19201459464224246,-0.1382300674670045,0.23902814808756112,78519.8,78163.8,0.3123590711246127,-0.14244595677053162,0.55445332052384,78772.5,78163.8,0.6351939883973534,-0.14244595677053162,0.4904484556430777,78850.0,78163.8,0.7342035099194621,-0.14244595677053162,-0.8817093740028148,1.781915878955434,0.11245699888560491,Q3
2026-02-03T04:30:00+00:00,78565.1,0.18074183066016936,78718.9,78552.5,0.19576122222206838,-0.016037655396616834,0.39648648063834724,78967.9,78552.5,0.5126958407740689,-0.016037655396616834,0.12448275379270957,78967.9,78552.5,0.5126958407740689,-0.016037655396616834,-0.1897789221931956,78967.9,78244.8,0.5126958407740689,-0.40768738282010997,-0.0372939129460792,78967.9,77900.1,0.5126958407740689,-0.8464318125987247,-0.2053938430115254,1.9653764839604424,0.024197530864196938,Q4_active
2026-02-03T10:30:00+00:00,78131.9,0.09343174810800825,78245.3,78080.0,0.14513918130751868,-0.06642613324390201,0.05068352363120088,78245.3,78080.0,0.14513918130751868,-0.06642613324390201,0.055035139296499835,78245.3,78019.3,0.14513918130751868,-0.14411527173918692,0.02111813484633185,78245.3,77959.8,0.14513918130751868,-0.2202685458820186,0.06450630280334657,78315.9,77956.2,0.23549920071059827,-0.2248761389394005,-0.3622985105080634,1.4698221853046052,0.051544895404322666,Q3
2026-02-04T00:50:00+00:00,75924.1,-0.06980655681134706,75969.5,75848.3,0.05979655998555877,-0.09983654728867863,0.5243394389923495,76410.9,75848.3,0.6411666387879267,-0.09983654728867863,0.5479156157267573,76553.5,75848.3,0.8289857897558095,-0.09983654728867863,0.7105780641456505,76750.8,75848.3,1.088850575772371,-0.09983654728867863,-0.060191691439226425,76750.8,75674.0,1.088850575772371,-0.3294079218588153,1.609579049643095,3.1323387435609993,0.13023704072682493,Q4_active
2026-02-04T10:50:00+00:00,76269.7,-0.004064523657487662,76299.6,76238.4,0.0392029862448684,-0.0410385775740596,-0.6271166662514815,76299.6,75735.2,0.0392029862448684,-0.7008025467518553,-0.4349040313519015,76299.6,75635.0,0.0392029862448684,-0.8321784404553778,-0.25580276308939665,76299.6,75635.0,0.0392029862448684,-0.8321784404553778,-0.1851324969155521,76299.6,75635.0,0.0392029862448684,-0.8321784404553778,0.22958144424731763,1.0957169098606616,0.03864103868527514,Q2
2026-02-04T16:20:00+00:00,73833.5,0.3663648614788739,74204.4,73645.3,0.5023464958318291,-0.2548978444743888,-0.9226164275024207,74204.4,73092.1,0.5023464958318291,-1.004151232164252,-0.33115049401694074,74204.4,73037.5,0.5023464958318291,-1.0781014038342973,-1.445414344437146,74204.4,72707.2,0.5023464958318291,-1.5254593104755965,-1.391102954620882,74204.4,72120.0,0.5023464958318291,-2.3207622556156715,-2.7713397771866544,3.8995848767835697,0.20045720817259663,Q4_active
2026-02-04T23:30:00+00:00,73368.4,0.07769012272313969,73492.7,73191.9,0.1694189869207996,-0.24056678351987992,0.06651364892789058,73492.7,73191.9,0.1694189869207996,-0.24056678351987992,-0.45033011487233265,73492.7,73038.0,0.1694189869207996,-0.45033011487233265,-0.6222024740896615,73492.7,72729.8,0.1694189869207996,-0.870401971420931,-0.5638667328168534,73492.7,71962.7,0.1694189869207996,-1.915947465121215,-0.21380308355186672,3.1260052011492685,0.013824155337074777,Q4_active
2026-02-05T05:00:00+00:00,70921.4,-0.32613569388081354,70970.8,70633.6,0.06965457534680031,-0.405801351919155,-0.43682160814646487,71050.0,70562.3,0.181327497765138,-0.5063351823285989,-0.717554927003694,71050.0,70100.0,0.181327497765138,-1.1581835665962492,-0.5109882207626981,71120.4,70100.0,0.2805923176925518,-1.1581835665962492,0.8183707597424927,71600.0,70100.0,0.9568339034480511,-1.1581835665962492,-2.8979435362414208,3.708612633140346,0.21678923325890578,Q4_active
2026-02-05T11:50:00+00:00,70208.4,0.10653995818163953,70363.8,70161.2,0.22134103611535227,-0.06722842280980634,-0.04728778892554297,70563.4,70103.4,0.5056375020652704,-0.14955475413198638,-1.511072749129727,70563.4,69142.8,0.5056375020652704,-1.517767104790868,-1.2344676705351443,70563.4,69120.0,0.5056375020652704,-1.5502418514023897,-0.8115837990895547,70563.4,69120.0,0.5056375020652704,-1.5502418514023897,-0.7862666184317746,2.9466559556975924,0.0651064825649438,Q4_active
2026-02-06T09:05:00+00:00,64927.4,0.22748485231196547,65164.9,64896.9,0.3657931782267587,-0.046975544993332896,0.8406312281101558,65508.9,64896.9,0.8956157184794034,-0.046975544993332896,1.2406164423648391,66044.8,64896.9,1.7209991467392882,-0.046975544993332896,1.484427221789253,66119.2,64896.9,1.8355886728869342,-0.046975544993332896,1.2785049147201244,66196.6,64896.9,1.9547987444437975,-0.046975544993332896,1.0486571958614022,4.031733905870245,0.06591536068556682,Q4_active
2026-02-07T00:35:00+00:00,69756.9,-0.10579598577343807,69853.3,69676.1,0.13819421447915925,-0.11583083537254346,0.5173681743311453,70294.0,69676.1,0.7699596742401171,-0.11583083537254346,0.2718010691415529,70294.0,69676.1,0.7699596742401171,-0.11583083537254346,0.6446674092455584,70294.0,69676.1,0.7699596742401171,-0.11583083537254346,0.9567512317778082,70646.5,69676.1,1.275286029052336,-0.11583083537254346,-0.7959713638031607,2.812768342629913,0.06305697322022186,Q4_active
2026-02-07T06:10:00+00:00,70075.0,-0.23646093471280105,70075.0,69836.3,0.0,-0.3406350338922559,0.14841241526935,70239.8,69836.3,0.2351765965037611,-0.3406350338922559,-0.060221191580445144,70265.7,69836.3,0.2721369960756226,-0.3406350338922559,-3.1162326079200775,70265.7,67888.5,0.2721369960756226,-3.1202283267927178,-2.6614341776667882,70265.7,67275.6,0.2721369960756226,-3.994862647163744,0.3854975009275785,2.681698180520866,0.04215159536974739,Q4_active
2026-02-07T14:20:00+00:00,69008.3,-0.11346461222780935,69114.6,68930.0,0.15403944163239203,-0.11346461222780935,-0.6886128190377039,69114.6,68397.4,0.15403944163239203,-0.8852558315449177,-0.7073062225848248,69114.6,68291.8,0.15403944163239203,-1.038280902442168,0.43110756242366044,69467.2,68291.8,0.6649924719200451,-1.038280902442168,0.5266033216294153,69881.9,68291.8,1.265934677422842,-1.038280902442168,0.4860610561416623,3.4890005984787296,0.03797929229719019,Q4_active
2026-02-07T19:50:00+00:00,69334.8,0.009519029405136159,69347.9,69228.1,0.018893831092015034,-0.1538909753832085,-0.10528623432966011,69387.0,69228.1,0.07528686893161218,-0.1538909753832085,0.08624817551936559,69440.2,69216.5,0.1520160150458194,-0.17062139070135318,0.3921551659483935,69688.2,69216.5,0.5097007563301448,-0.17062139070135318,0.15057373786322437,69688.2,69216.5,0.5097007563301448,-0.17062139070135318,1.1888465007399374,2.011832442006026,0.1264278619319605,Q4_active
2026-02-08T10:40:00+00:00,70197.4,0.15014801117991805,70341.9,70194.0,0.20584807984340703,-0.004843484231598083,0.048007476060374366,70381.9,70169.0,0.2628302472741151,-0.04045733887578784,0.5709613176556383,70610.2,70169.0,0.5880559678848485,-0.04045733887578784,0.9356471892121299,71018.2,70169.0,1.1692740756780173,-0.04045733887578784,0.7333604948331462,71179.5,70169.0,1.3990546658423364,-0.04045733887578784,1.506311121136794,2.4331385492909994,0.1849576534507562,Q4_active
2026-02-08T17:15:00+00:00,70748.5,-0.3892662035237415,70811.4,70422.6,0.08890647858257328,-0.4606458087450527,-0.07689208958493454,70811.4,70422.6,0.08890647858257328,-0.4606458087450527,-0.012579772009291279,70811.4,70422.6,0.08890647858257328,-0.4606458087450527,0.21724842222803353,71032.0,70422.6,0.4007152095097499,-0.4606458087450527,0.6408616437097558,71376.3,70422.6,0.8873686367908862,-0.4606458087450527,-0.05876527932578979,1.8342438355583468,0.006408478910559459,Q3
2026-02-09T03:10:00+00:00,70720.0,0.10591063348415197,70924.1,70719.9,0.28860294117647456,-0.0001414027149371222,0.09615384615384581,70924.1,70669.2,0.28860294117647456,-0.07183257918552677,0.536481900452479,71297.3,70669.2,0.8163178733031629,-0.07183257918552677,0.39592760180995334,71420.0,70669.2,0.9898190045248834,-0.07183257918552677,0.10350678733030971,71420.0,70669.2,0.9898190045248834,-0.07183257918552677,-0.1129943502824804,3.2768665158370958,0.008835288140834459,Q4_active
2026-02-09T13:45:00+00:00,68939.0,-0.24311347713196207,68985.2,68741.5,0.06701576756262817,-0.28648515354153803,-0.3713427812994108,68985.2,68548.4,0.06701576756262817,-0.5665878530294988,-0.5919726134698822,68985.2,68277.0,0.06701576756262817,-0.9602692235164412,0.5033435355894289,69734.5,68277.0,1.1539186817331348,-0.9602692235164412,0.6687071178868242,69836.8,68277.0,1.3023107384789512,-0.9602692235164412,-1.2951795153743562,2.462031651169879,0.15594938454642865,Q4_active
2026-02-09T23:15:00+00:00,70418.8,-0.18276369378631419,70440.0,70266.2,0.030105596800855672,-0.21670349395332966,-0.18077558833721197,70440.0,70223.6,0.030105596800855672,-0.2771987026191858,-0.3606991314819341,70440.0,70163.0,0.030105596800855672,-0.3632552670593703,-0.5712963015558348,70440.0,69937.7,0.030105596800855672,-0.6831982368344924,-0.38796457764119774,70440.0,69710.8,0.030105596800855672,-1.0054133271228727,-0.06244429684882924,1.8531982936374944,0.008357392493541987,Q3
2026-02-10T06:25:00+00:00,69168.7,0.0089635919136688,69251.4,69148.2,0.1195627502034835,-0.029637682940408805,-0.25387205484560527,69255.0,68959.4,0.12476741647595713,-0.30259351411838775,-0.42114424588000077,69255.0,68635.8,0.12476741647595713,-0.7704351823873967,-0.1698745241706101,69255.0,68635.8,0.12476741647595713,-0.7704351823873967,-0.24245070385882084,69255.0,68635.8,0.12476741647595713,-0.7704351823873967,-1.6489782221691285,2.1265398944898615,0.25370260987508303,Q4_active
2026-02-10T12:05:00+00:00,68670.1,-0.11664465320424533,68720.1,68575.0,0.07281189338590455,-0.13848822122001225,0.061890109378026636,68720.1,68508.8,0.07281189338590455,-0.23489116806295618,-0.08766551963665936,68811.2,68508.8,0.20547516313502712,-0.23489116806295618,-0.18698094221504258,68811.2,68320.0,0.20547516313502712,-0.5098288774881721,0.5625446882995488,69098.8,68320.0,0.624289173890813,-0.5098288774881721,-0.4154787213986766,1.4042501758407266,0.06572457617398078,Q3
2026-02-10T22:00:00+00:00,68736.2,-0.2282640006284864,68764.6,68568.3,0.041317384435002324,-0.24426721290963238,-0.220698845731937,68764.6,68568.3,0.041317384435002324,-0.24426721290963238,-0.003200642456224756,68764.6,68531.3,0.041317384435002324,-0.2980961996735254,-0.10765797352777495,68833.5,68531.3,0.14155568681422093,-0.2980961996735254,0.06779542657291415,68842.6,68476.1,0.15479470788319905,-0.37840322857531916,-0.8660637151753692,2.3782228287277984,0.1029116896025774,Q4_active
2026-02-11T06:10:00+00:00,66879.8,-0.01898929123591575,67000.8,66667.0,0.180921593665051,-0.31818276968531567,0.30637053340469844,67140.2,66667.0,0.3893552313254389,-0.31818276968531567,-0.09061031881076875,67140.2,66667.0,0.3893552313254389,-0.31818276968531567,-0.2571778025652005,67140.2,66515.8,0.3893552313254389,-0.5442600007775189,-0.00882179671590766,67221.0,66515.8,0.5101689897397899,-0.5442600007775189,-3.3419951959902883,3.663737032706442,0.38297449486584867,Q4_active
2026-02-11T11:20:00+00:00,66994.7,-0.04955615892002774,67081.1,66957.1,0.12896542562323976,-0.05612384263231629,-0.1062770637080157,67081.1,66860.0,0.12896542562323976,-0.20106068091952922,0.022688361915190747,67081.1,66860.0,0.12896542562323976,-0.20106068091952922,0.5342213637795412,67393.4,66860.0,0.5951217036571421,-0.20106068091952922,-0.13284632963502796,67393.4,66766.9,0.5951217036571421,-0.3400268976501142,-0.07979334269972993,1.299057985183907,0.012252376044886965,Q3
2026-02-11T20:50:00+00:00,67462.6,0.08300895607344927,67611.4,67457.7,0.22056665470939762,-0.007263283656433472,0.28119283869876277,67685.4,67377.7,0.33025706094931273,-0.12584750661849275,0.6507309235042724,67950.0,67377.7,0.7224743783963206,-0.12584750661849275,0.5858060614325478,68318.2,67377.7,1.2682582645791696,-0.12584750661849275,-0.07426336963000102,68318.2,67356.2,1.2682582645791696,-0.15771701653954917,1.4327233471208123,2.9505236975746563,0.12749702297328136,Q4_active
2026-02-12T02:05:00+00:00,67688.4,-0.3281212142700829,67701.3,67462.8,0.019057918343490243,-0.3332919673090129,-0.24169577061947667,67701.3,67380.1,0.019057918343490243,-0.45546947482876243,-0.08745959425838779,67715.2,67380.1,0.039593194698062106,-0.45546947482876243,-0.33550800432569083,67728.2,67325.6,0.058798848842633866,-0.5359854864348867,-0.188658618020221,67728.2,67283.7,0.058798848842633866,-0.5978867871008875,0.05336108306737142,2.3058603837585214,0.007759602777119161,Q4_active
2026-02-12T09:45:00+00:00,67339.8,0.19557527643383477,67531.2,67320.0,0.2842301283936033,-0.029403116730375434,0.2674495617747574,67680.0,67320.0,0.5051990056400557,-0.029403116730375434,0.19245676405335033,67680.0,67320.0,0.5051990056400557,-0.029403116730375434,0.6982497720515957,67874.9,67320.0,0.7946266546678071,-0.029403116730375434,1.0571756969875112,68257.9,67320.0,1.3633839126341307,-0.029403116730375434,0.23786841321822294,1.1866682110728066,0.03743616173921242,Q2
2026-02-12T15:15:00+00:00,67441.4,0.5014723893632222,67927.1,67441.4,0.7201807791653358,0.0,0.2611155758925676,67971.2,67441.4,0.7855708807942952,0.0,0.002520706865527522,67971.2,67214.5,0.7855708807942952,-0.3364402281091361,-1.3602920461318946,67971.2,66418.5,0.7855708807942952,-1.5167241486683136,-2.7199909847660297,67971.2,65522.2,0.7855708807942952,-2.8457297742929377,-0.041500294948526584,2.0955970664903205,0.004258296073242715,Q4_active
2026-02-12T21:05:00+00:00,65587.8,0.07989290691254869,65643.3,65551.2,0.08461939568029653,-0.05580306093512233,-0.14926556463245033,65770.0,65445.0,0.27779556563871655,-0.21772341807471118,0.25492545869809646,65819.5,65445.0,0.3532669185427828,-0.21772341807471118,0.2950243795339924,65873.3,65445.0,0.43529436876981187,-0.21772341807471118,1.2612101640853801,66444.0,65445.0,1.305425704170582,-0.21772341807471118,-1.6158403960098933,2.6820536746163133,0.1379716679048085,Q4_active
2026-02-13T10:40:00+00:00,66993.2,0.010001015028393567,67022.0,66933.9,0.04298943773397568,-0.0885164464453192,-0.07941104470303717,67058.4,66933.9,0.09732331042553444,-0.0885164464453192,-0.21390230650275566,67058.4,66809.1,0.09732331042553444,-0.2748040099592064,-0.04657189087847735,67058.4,66749.1,0.09732331042553444,-0.3643653385716594,0.09568135273432254,67195.4,66749.1,0.3018216774239635,-0.3643653385716594,0.8356663355308713,1.6610641079990254,0.12834620185861498,Q3
2026-02-13T18:05:00+00:00,69132.0,-0.2137939015217305,69179.5,68981.4,0.06870913614533958,-0.21784412428398348,-0.1070416015737985,69179.5,68892.3,0.06870913614533958,-0.3467279986113514,0.12121738124168946,69247.0,68892.3,0.16634843487819406,-0.3467279986113514,-0.11210438002661194,69371.5,68892.3,0.3464386969854738,-0.3467279986113514,-0.40357576809582074,69371.5,68832.7,0.3464386969854738,-0.43293988312215204,3.2633130835746815,3.7826187583174216,0.26893580353295815,Q4_active
2026-02-14T00:40:00+00:00,68996.3,0.07493155430073895,69048.0,68946.1,0.07493155430073895,-0.07275752467885699,0.1194266938951749,69113.9,68946.1,0.17044392235523453,-0.07275752467885699,0.09406301497325575,69113.9,68941.6,0.17044392235523453,-0.07927961354449176,-0.06565569458072407,69113.9,68933.8,0.17044392235523453,-0.09058456757826683,-0.1046432924663998,69113.9,68835.6,0.17044392235523453,-0.2329110401572243,0.14848898307544545,0.5975682754002792,0.03470737913486087,Q1_quiet
2026-02-14T11:50:00+00:00,70400.8,0.0916182770650309,70553.4,70355.4,0.21675890046701785,-0.06448790354656175,0.04332337132533226,70553.4,70345.4,0.21675890046701785,-0.07869228758765612,-0.08011272599176555,70553.4,70266.3,0.21675890046701785,-0.19104896535266924,-0.9883410415790772,70553.4,69620.5,0.21675890046701785,-1.1083680867262968,-1.5748400586356959,70553.4,69172.9,0.21675890046701785,-1.7441563164055096,2.2050785474849066,2.2799456824354145,0.41962041053125887,Q4_active
2026-02-14T20:05:00+00:00,69796.9,-0.0024356382590018377,69829.2,69775.0,0.04627712692111263,-0.03137675168953802,0.0905484340995244,69881.6,69687.1,0.12135209443400186,-0.15731357696400217,0.10458917229847486,69881.6,69687.1,0.12135209443400186,-0.15731357696400217,0.5368433268526429,70211.3,69687.1,0.5937226438423648,-0.15731357696400217,0.040832759048048395,70224.0,69630.0,0.6119182943655099,-0.23912236789884744,0.08259331539031134,1.0774117475131417,0.016657990629877873,Q2
2026-02-15T11:20:00+00:00,70336.2,0.024738328200846205,70357.9,70320.1,0.03085182310105239,-0.022890062300762182,-0.028719208600969104,70357.9,70266.9,0.03085182310105239,-0.09852678990335262,-0.12411816390421881,70359.0,70237.1,0.032415740401114945,-0.1408947313047748,-0.06895453550234132,70359.0,69998.0,0.032415740401114945,-0.4808334826163496,-1.3438314836456855,70390.2,69257.3,0.07677412200262079,-1.5339185227521424,-0.010519791423824199,1.1403800603387813,0.0018189862838623313,Q2
2026-02-15T22:10:00+00:00,68770.4,-0.0180310133429451,68860.0,68758.0,0.13028861254260615,-0.0180310133429451,0.2962030175773567,69018.2,68758.0,0.3603294440631455,-0.0180310133429451,0.3427346649139906,69048.3,68758.0,0.4040982748391819,-0.0180310133429451,-0.45819131486801723,69048.3,68292.3,0.4040982748391819,-0.695211893489045,0.1899072856926809,69048.3,68292.3,0.4040982748391819,-0.695211893489045,-0.37881037607251367,1.4352104975396394,0.04961578597856046,Q3
2026-02-16T11:50:00+00:00,68785.8,-0.02006228029622914,68890.0,68772.0,0.15148475412076756,-0.02006228029622914,0.21763212756120698,68950.8,68772.0,0.23987509049832045,-0.02006228029622914,0.10002064379566189,68950.8,68769.0,0.23987509049832045,-0.024423645578020015,1.3291987590462018,69824.9,68769.0,1.51063155476856,-0.024423645578020015,-0.7966760581399113,70108.3,68179.9,1.9226351950548004,-0.8808504080784263,0.5752101110649832,1.0558865347208333,0.11282551336469304,Q2
2026-02-16T23:30:00+00:00,68600.6,0.11209814491417447,68679.0,68590.2,0.11428471471093271,-0.015160217257592645,0.3559735629134364,68862.9,68590.2,0.3823581717943947,-0.015160217257592645,0.28498293017844567,68956.9,68590.2,0.5193832123917108,-0.015160217257592645,0.3489765395637834,68956.9,68590.2,0.5193832123917108,-0.015160217257592645,0.5119488750827239,69016.6,68590.2,0.6064086903029953,-0.015160217257592645,0.7253335212739964,1.7015886158430142,0.13196559277661937,Q3
2026-02-17T06:25:00+00:00,68398.7,0.01169612872760073,68424.9,68355.8,0.03830482158286852,-0.06272049030170423,0.03114094273721779,68497.2,68355.8,0.14400858495848823,-0.06272049030170423,-0.03289536204635901,68497.2,68355.8,0.14400858495848823,-0.06272049030170423,-0.31974291909055985,68497.2,68168.0,0.14400858495848823,-0.33728711218194984,-0.19108550308704064,68497.2,68134.0,0.14400858495848823,-0.3869956592742252,-0.6357111001027205,1.9876108756452973,0.09689991142604265,Q4_active
2026-02-17T13:30:00+00:00,67977.7,0.07693699551472033,68046.1,67977.7,0.10062123313969717,0.0,0.032951982782591926,68046.1,67939.1,0.10062123313969717,-0.05678332747355297,0.29553809558136024,68326.9,67939.1,0.513697874449992,-0.05678332747355297,0.11827408105895554,68326.9,67870.1,0.513697874449992,-0.15828720300921084,-1.8795869822015088,68326.9,66588.0,0.513697874449992,-2.0443468961144573,-0.3824809089270409,1.0271015347680368,0.06576957967946838,Q2
2026-02-17T20:40:00+00:00,67826.1,-0.08683972688980912,67853.2,67732.2,0.0399551205214399,-0.13844228106880685,-0.15967304621672396,67853.2,67694.1,0.0399551205214399,-0.19461534718935303,0.03774358248520571,67854.8,67633.1,0.04231409442676526,-0.2845512273298878,-0.38185890092456987,67898.7,67499.5,0.10703844095414361,-0.4815255484245773,-0.34087172931955845,67898.7,67488.7,0.10703844095414361,-0.49744862228553455,1.2662366747290266,2.004095768443104,0.12255249049896631,Q4_active
2026-02-18T06:20:00+00:00,67835.1,-0.0017689956969380027,67868.6,67820.3,0.049384463205637275,-0.02181761359532075,-0.00456990555037784,67881.5,67787.7,0.06840116694748488,-0.0698753300282684,-0.03582216286259765,67944.3,67787.7,0.16097860841952638,-0.0698753300282684,-0.2532612172754245,67944.3,67655.9,0.16097860841952638,-0.264170024073096,0.753886999503206,68412.2,67655.9,0.8507395139094598,-0.264170024073096,1.061641029461069,1.5559791317474287,0.2133149733580826,Q3
2026-02-18T16:35:00+00:00,67163.8,0.05032472849957337,67260.5,67153.2,0.14397636822216509,-0.01578231130461294,-0.13310741798410186,67260.5,67004.0,0.14397636822216509,-0.23792578740333692,0.16705427626191316,67455.7,67004.0,0.4346091197936941,-0.23792578740333692,0.01265562698953282,67455.7,67004.0,0.4346091197936941,-0.23792578740333692,-0.46274927862927084,67455.7,66602.8,0.4346091197936941,-0.8352713813095769,-0.4508804173830483,2.458169430556341,0.0511914378029076,Q4_active
2026-02-19T01:55:00+00:00,66830.4,-0.09292178409824325,66836.8,66757.8,0.009576480164730228,-0.1086331968684795,-0.05730924848570407,66836.8,66719.5,0.009576480164730228,-0.16594244535420577,0.10414422179128024,66933.1,66719.5,0.15367258014318264,-0.16594244535420577,-0.04294452823864203,66933.1,66610.0,0.15367258014318264,-0.32979003567238374,0.1797086355910027,66973.2,66610.0,0.21367521367521292,-0.32979003567238374,0.910956390963813,1.2585589791472014,0.19659790790888756,Q2
2026-02-19T11:10:00+00:00,66888.7,-0.04589713957663388,66907.8,66844.2,0.028554897912513866,-0.06652842707363105,-0.1103325374839148,66907.8,66808.1,0.028554897912513866,-0.12049867914908363,-0.3768947520283561,66907.8,66623.3,0.028554897912513866,-0.39677852910879885,-0.522958287423736,66907.8,66298.5,0.028554897912513866,-0.8823612957046478,-0.7952015811340196,66907.8,66195.8,0.028554897912513866,-1.035899935265594,-0.11841476526102124,0.874138681122517,0.02690598174600578,Q2
2026-02-19T17:30:00+00:00,66492.2,-0.020754314039850286,66582.1,66450.0,0.13520382841898382,-0.06346609075951193,-0.10768180327916932,66699.6,66368.3,0.311916284917646,-0.1863376456185728,-0.3680130902572021,66699.6,66140.6,0.311916284917646,-0.5287838272759693,0.30830683899765177,66919.0,66140.6,0.64187979943513,-0.5287838272759693,0.5668334030157096,67173.9,66140.6,1.025233034852202,-0.5287838272759693,-0.16515970943902225,2.158147872983598,0.015645445752972595,Q4_active
2026-02-20T06:10:00+00:00,67826.2,0.02506406079065826,67861.6,67785.3,0.052192220705293835,-0.06030118154930486,-0.2024291497975783,67861.6,67650.5,0.052192220705293835,-0.25904444005413474,-0.15539717690212784,67861.6,67631.4,0.052192220705293835,-0.28720464953071456,-0.05307683461552859,67861.6,67631.4,0.052192220705293835,-0.28720464953071456,0.008698703450882306,67956.3,67631.4,0.1918137828744726,-0.28720464953071456,0.7740858061487055,1.3376836679631219,0.1650300918593571,Q3
2026-02-20T18:20:00+00:00,67561.1,0.11545105097459096,67669.1,67450.0,0.15985530134945414,-0.16444374055485378,0.17628487398813064,67988.6,67450.0,0.6327605678415615,-0.16444374055485378,0.3626347113945716,67988.6,67450.0,0.6327605678415615,-0.16444374055485378,0.2135844443029944,67988.6,67450.0,0.6327605678415615,-0.16444374055485378,0.10938247009002477,67988.6,67450.0,0.6327605678415615,-0.16444374055485378,0.8879066398871149,2.479089298427637,0.07318514142234682,Q4_active
2026-02-21T00:45:00+00:00,67838.6,0.01208751359844662,67848.6,67795.9,0.014740870242024862,-0.0629435159334224,0.01813127039766993,67884.4,67794.0,0.06751318570841214,-0.06574428127940068,0.0011792696193335672,67898.8,67794.0,0.08874003885692705,-0.06574428127940068,0.1923683566583012,67973.7,67794.0,0.19914915696961355,-0.06574428127940068,0.19841211345752452,68078.7,67794.0,0.3539282945107747,-0.06574428127940068,0.4186169063204126,1.0690079099509675,0.10175590097870219,Q2
2026-02-21T07:40:00+00:00,67799.4,0.005162287571858215,67813.7,67799.4,0.02109163207935083,0.0,0.031858689014963026,67827.3,67799.4,0.04115080664433002,0.0,0.11342283265045605,67876.3,67776.1,0.11342283265045605,-0.03436608583554657,0.24144756443273963,67984.9,67776.1,0.2736012413089295,-0.03436608583554657,0.5293557170122476,68275.3,67776.1,0.7019236158432252,-0.03436608583554657,-0.365183936609359,0.8146089788405251,0.12716851747607558,Q1_quiet
2026-02-21T16:05:00+00:00,68394.5,-0.10439435919553652,68399.1,68323.0,0.006725687007014258,-0.1045405697826629,-0.3386237197435582,68399.1,68090.5,0.006725687007014258,-0.4444801848101809,-0.12076994495172633,68399.1,68066.0,0.006725687007014258,-0.4803017786517927,-0.21902345948870972,68399.1,68066.0,0.006725687007014258,-0.4803017786517927,-0.07851508527731976,68440.9,68066.0,0.06784171241838166,-0.4803017786517927,0.23110696867378877,1.167052906300941,0.059319164942636705,Q2
2026-02-22T04:00:00+00:00,68040.4,-0.0533506563747288,68058.3,67997.8,0.026307899424482528,-0.06260986120010248,-0.048647568209458925,68058.3,67987.0,0.026307899424482528,-0.07848278375787165,-0.10464371167717701,68058.3,67934.9,0.026307899424482528,-0.1550549379486288,-0.15167459332984246,68058.3,67931.0,0.026307899424482528,-0.16078682665003896,-0.059376488086482215,68058.3,67852.0,0.026307899424482528,-0.2768943157300585,0.19216638516623696,0.6343290162903088,0.052035567606364616,Q1_quiet
2026-02-22T13:00:00+00:00,67976.3,-0.05899114838554542,67976.4,67907.0,0.00014711009570511635,-0.10194729633711264,-0.015005229763898065,68011.3,67907.0,0.05148853350358529,-0.10194729633711264,-0.2593550987623705,68011.3,67753.7,0.05148853350358529,-0.3274670730828322,-0.6939183215326494,68011.3,67500.0,0.05148853350358529,-0.7006853859359841,-0.8167552514626419,68011.3,67322.4,0.05148853350358529,-0.9619529159427764,0.008385978643699055,0.5590183637532492,0.0036396143285850977,Q1_quiet
2026-02-23T06:45:00+00:00,65627.5,0.2116490800350368,65771.9,65627.5,0.22002971315377984,0.0,0.26269475448552626,65800.0,65627.5,0.26284712963315915,0.0,0.16502228486534598,65864.7,65599.3,0.36143385013904794,-0.04296979162697889,0.3937373814330902,65973.8,65599.3,0.5276751361853016,-0.04296979162697889,-0.06795931583559733,65973.8,65542.7,0.5276751361853016,-0.12921412517619135,1.57027466651396,2.1344710677688514,0.22348017621145377,Q4_active
2026-02-23T18:00:00+00:00,64764.9,0.034895444909199824,64826.0,64604.4,0.09434122495364239,-0.24781942070473129,-0.23330538609648288,64826.0,64604.4,0.09434122495364239,-0.24781942070473129,0.277928322285681,64945.0,64567.1,0.2780827269091679,-0.30541234526727523,-0.26434071541838744,65146.0,64556.1,0.5884360201281913,-0.32239685385139216,-0.6400071643745342,65146.0,64053.6,0.5884360201281913,-1.0982800868989284,-2.2069715295236825,3.513477207561503,0.2515402884383679,Q4_active
2026-02-24T02:45:00+00:00,64145.5,-0.12206624003242572,64145.5,64050.3,0.0,-0.14841259324503975,-0.4870177954805932,64155.1,63601.4,0.01496597578940495,-0.8482278569813873,-0.5553000600197922,64155.1,63524.4,0.01496597578940495,-0.9682674544590042,-0.9643700649305087,64155.1,63505.0,0.01496597578940495,-0.9985111972001137,-1.3198119899291427,64155.1,62824.6,0.01496597578940495,-2.059224731274989,-0.8383342763241375,2.4773366798918177,0.09368251939122829,Q4_active
2026-02-24T08:20:00+00:00,63283.3,-0.02291283798411259,63283.4,63186.8,0.0001580195722938882,-0.152488887273583,0.07537533598911406,63388.8,63186.8,0.16671064878095443,-0.152488887273583,0.13210436244632806,63399.3,63186.8,0.1833027038729007,-0.152488887273583,-0.27052950778484464,63399.3,63079.9,0.1833027038729007,-0.3214118100667962,-0.08817492134576277,63399.3,62899.1,0.1833027038729007,-0.6071111967928422,-0.63700168003894,1.7518049785646428,0.07039369805493398,Q3
2026-02-24T16:15:00+00:00,64109.6,-0.20433757190810864,64109.6,63954.9,0.0,-0.2413055143067444,-0.6170682705866182,64109.6,63664.8,0.0,-0.693811847211645,-0.3976003593845534,64109.6,63664.8,0.0,-0.693811847211645,0.17548073923405738,64483.1,63664.8,0.5825960542570785,-0.693811847211645,0.1459999750427432,64483.1,63664.8,0.5825960542570785,-0.693811847211645,1.475045783559703,3.059760160724757,0.18139878924727093,Q4_active
2026-02-25T01:25:00+00:00,65921.1,0.08570852124736295,66100.0,65914.9,0.2713850345336999,-0.009405182862565198,-0.21844295680745196,66253.6,65748.4,0.5043908551283227,-0.2619798516711791,-0.08737718272299189,66253.6,65748.4,0.5043908551283227,-0.2619798516711791,0.24453475442611783,66279.9,65748.4,0.5442870340452322,-0.2619798516711791,-0.5489896254765259,66279.9,65470.5,0.5442870340452322,-0.6835444190100071,2.3017509881607,3.8094024523255783,0.2761394101876689,Q4_active
2026-02-25T09:55:00+00:00,65524.3,-0.056620215706237875,65584.3,65442.1,0.09156908200469438,-0.1254496423464313,0.015261513667441662,65584.3,65440.1,0.09156908200469438,-0.12850194507992851,-0.2876795326314019,65626.0,65323.6,0.15520959399795142,-0.30629857930569715,-0.24387898840583233,65626.0,65304.0,0.15520959399795142,-0.336211146093901,-0.20190982582034556,65626.0,65165.0,0.15520959399795142,-0.5483461860714356,0.14718469156935754,1.453811791961159,0.030228835106884552,Q3
2026-02-25T15:55:00+00:00,67362.4,0.06116171632841727,67483.8,67356.2,0.18021923209388113,-0.009203947602809404,0.28591617875848296,67734.1,67356.2,0.551791503865684,-0.009203947602809404,0.6797560656983892,68040.9,67356.2,1.0072384594373096,-0.009203947602809404,1.3175005641129278,68300.0,67356.2,1.3918743987743953,-0.009203947602809404,1.8856216524351987,68842.1,67356.2,2.1966260109497426,-0.009203947602809404,3.0565521039708,3.5323860195004935,0.3666611609682691,Q4_active
2026-02-26T02:50:00+00:00,68202.8,0.02316620432005756,68324.5,68174.9,0.17843842188296488,-0.0409074114259389,-0.2587870292715233,68347.3,68017.0,0.21186813444609154,-0.2724228330801659,-0.22110529186485373,68347.3,68017.0,0.21186813444609154,-0.2724228330801659,-0.05424997214190652,68347.3,68008.8,0.21186813444609154,-0.28444579987918495,0.6199158978810404,68817.8,68008.8,0.9017225099262838,-0.28444579987918495,-1.0895653775482628,2.32732380488778,0.11624452662035255,Q4_active
2026-02-26T13:50:00+00:00,67947.7,-0.10302041128691375,67955.0,67811.2,0.010743557177073093,-0.20088980200948514,-0.3567449670849654,67955.0,67635.2,0.010743557177073093,-0.4599125503880197,0.20589365055772024,68119.1,67635.2,0.25225283563683476,-0.4599125503880197,-0.732475124249965,68247.1,67236.8,0.440633016275771,-1.0462458626266935,-0.9380744307754263,68247.1,66731.3,0.440633016275771,-1.7902004041343456,-0.07691176470588923,1.2094596285084014,0.01276076613395202,Q2
2026-02-26T19:00:00+00:00,67718.7,-0.3365392424839686,67718.7,67470.6,0.0,-0.3663685215457346,-0.3000648269975592,67718.7,67454.6,0.0,-0.3899956732778209,-0.09111220386687213,67742.2,67454.6,0.034702379106499315,-0.3899956732778209,0.059215549028568404,67789.0,67364.1,0.10381179792289252,-0.5236367502624684,-0.4867193256810731,67789.0,67252.9,0.10381179792289252,-0.6878454548005286,-0.1372917397857054,2.6144920088542754,0.01236995602088755,Q4_active
2026-02-27T04:30:00+00:00,67804.5,-0.08583501095059676,67838.9,67743.6,0.05073409581959343,-0.08981704754108533,-0.05530606375683256,67838.9,67660.9,0.05073409581959343,-0.2117853534794989,-0.0547161324101042,67910.2,67652.9,0.15588935837591578,-0.22358398041428806,0.0001474828366987424,67910.2,67645.1,0.15588935837591578,-0.23508764167569085,-0.2721058336836002,67910.2,67477.9,0.15588935837591578,-0.4816789446128289,0.37675795706884063,1.9793671511477724,0.059636789689512956,Q4_active
2026-02-27T10:50:00+00:00,66573.0,0.003154431976937211,66649.7,66567.2,0.1152118726811091,-0.008712240698183216,0.2029351238490129,66744.0,66567.2,0.2568608895498148,-0.008712240698183216,-0.12287263605366139,66744.0,66334.3,0.2568608895498148,-0.3585537680441009,-0.8458384029561672,66744.0,65923.0,0.2568608895498148,-0.9763718023823476,-1.1612816006489224,66744.0,65714.7,0.2568608895498148,-1.2892614122842594,-1.6655686951075888,2.3826476199059856,0.24974529346622498,Q4_active
2026-02-27T16:20:00+00:00,66015.6,-0.07180121062295708,66037.3,65959.4,0.032871018365354665,-0.0851313931858666,-0.19813498627597737,66037.3,65850.2,0.032871018365354665,-0.2505468404437883,-0.6949872454389605,66037.3,65442.0,0.032871018365354665,-0.8688855361460135,-1.098073788619669,66037.3,65202.4,0.032871018365354665,-1.2318300522906722,-0.9241754979126271,66037.3,65088.3,0.032871018365354665,-1.4046679875665768,-0.7152826238659982,1.5176715806566843,0.09221700857020743,Q3
2026-02-28T06:00:00+00:00,65534.1,-0.019837000889610934,65534.2,65474.5,0.000152592314539568,-0.09094501946315114,-0.9469879040072238,65560.0,64458.3,0.0395214094646823,-1.6415881197727522,-2.2658432785374383,65560.0,64029.9,0.0395214094646823,-2.2952935952427755,-3.0904521462871926,65560.0,62982.4,0.0395214094646823,-3.8936980900019957,-2.6764691969524246,65560.0,62982.4,0.0395214094646823,-3.8936980900019957,-0.6054603667645986,0.8307125603311887,0.1714776632302451,Q1_quiet
2026-02-28T14:50:00+00:00,64399.1,0.005434858561681466,64459.7,64240.0,0.09410069395379139,-0.24705314204701567,-0.04518696689860269,64561.0,64240.0,0.2514010288963586,-0.24705314204701567,0.22919574963002898,64561.0,64175.8,0.2514010288963586,-0.3467439762356861,0.5043548745246484,64985.0,64175.8,0.9097953232265699,-0.3467439762356861,1.0107284108007653,65169.0,64175.8,1.1955136018981571,-0.3467439762356861,1.1457587294407379,2.939637355180427,0.1264539166912228,Q4_active
2026-02-28T21:30:00+00:00,66462.5,0.4853864961444465,66987.8,66462.4,0.7903705096859115,-0.00015046078616354208,0.3970660146699112,66987.8,66462.4,0.7903705096859115,-0.00015046078616354208,0.539251457588863,66987.8,66462.4,0.7903705096859115,-0.00015046078616354208,1.1576452886966182,67279.7,66462.4,1.2295655444799714,-0.00015046078616354208,0.6019936054165953,67729.5,66462.4,1.9063381606168939,-0.00015046078616354208,2.3348592140251645,3.4964077487304803,0.21349327025961756,Q4_active
2026-03-01T06:40:00+00:00,66899.5,-0.15964244874775435,66900.8,66754.8,0.001943213327448845,-0.21629459114044236,-0.012705625602582593,66938.1,66754.8,0.05769848803056643,-0.21629459114044236,0.12944790319808774,67030.5,66754.8,0.19581611222805329,-0.21629459114044236,0.249927129500227,67201.2,66754.8,0.45097496991755026,-0.21629459114044236,0.3003011980657444,67268.8,66754.8,0.5520220629451789,-0.21629459114044236,0.4653879885147205,2.384920664578958,0.04982555428718231,Q4_active
2026-03-01T15:05:00+00:00,66937.5,0.22901960784313946,67091.6,66901.4,0.2302147525677034,-0.053930905695620535,0.13654528478057593,67217.4,66901.4,0.41815126050419593,-0.053930905695620535,0.3346405228758176,67217.4,66901.4,0.41815126050419593,-0.053930905695620535,-0.00791783380018618,67217.4,66650.2,0.41815126050419593,-0.4292063492063569,-1.1709430438842205,67217.4,65784.1,0.41815126050419593,-1.7230999066293107,0.8199647252500553,1.8825023342670488,0.13201416169552344,Q3
2026-03-01T23:40:00+00:00,65717.4,0.12112469452536523,65845.0,65644.5,0.1941647113245626,-0.11092952551378099,0.04641084400782702,65845.0,65628.8,0.1941647113245626,-0.13481969767518143,0.3466357463928871,66186.3,65628.8,0.7135096641072369,-0.13481969767518143,1.312589968562361,66580.0,65628.8,1.312589968562361,-0.13481969767518143,1.2576577892613017,67075.0,65628.8,2.0658151418041504,-0.13481969767518143,-0.9334213691989168,2.248415183802168,0.09860186630147569,Q4_active
2026-03-02T10:30:00+00:00,66254.4,0.14746190441692342,66359.0,66113.5,0.1578763070830158,-0.21266512110892366,0.0025658673235451346,66359.0,66113.5,0.1578763070830158,-0.21266512110892366,-0.010565336038059758,66359.0,66101.9,0.1578763070830158,-0.23017339225772648,-0.3044326112680795,66359.0,65973.1,0.1578763070830158,-0.4245755753579994,-0.2436064623632439,66452.3,65973.1,0.2986971431331531,-0.4245755753579994,-0.6877199714599214,2.1874773599942086,0.08350016379718357,Q4_active
2026-03-03T00:10:00+00:00,68779.8,-0.14364682653918992,68850.0,68666.0,0.10206485043573466,-0.16545555526478184,-0.012503671136010475,68850.0,68599.1,0.10206485043573466,-0.26272248538087295,0.41509280341029964,69126.7,68599.1,0.5043631996603626,-0.26272248538087295,0.4553662557902127,69216.2,68599.1,0.6344886143896833,-0.26272248538087295,-0.30517681063336743,69216.2,68356.4,0.6344886143896833,-0.6155877161608592,0.09153497902263386,1.4052090875518684,0.012334542602217651,Q3
2026-03-03T13:55:00+00:00,66894.8,0.43396497186627414,67189.0,66818.4,0.43979502143662863,-0.1142091761990649,0.3490555319695998,67228.0,66818.4,0.49809551714035116,-0.1142091761990649,0.2773010757188832,67319.9,66818.4,0.6354754031703269,-0.1142091761990649,-0.5396533063855458,67553.3,66125.0,0.9843814466894196,-1.1507620921207717,1.1978509540353066,67814.7,66125.0,1.3751442563547434,-1.1507620921207717,-0.11631605116710908,2.4995963811835984,0.012796294166925713,Q4_active
2026-03-03T23:50:00+00:00,68270.0,0.037058737366346683,68296.0,68216.4,0.038084077925892856,-0.07851179141644682,-0.17767687124652376,68296.0,68088.0,0.038084077925892856,-0.2665885454811723,-0.05961622967628477,68384.0,68051.1,0.16698403398272,-0.32063864069136194,-0.2831404716566621,68384.0,67825.1,0.16698403398272,-0.6516771642009589,0.1395927933206531,68882.5,67825.1,0.8971729896001257,-0.6516771642009589,-0.5969714618520694,1.5547092427127496,0.08526390217527076,Q3
2026-03-04T04:50:00+00:00,67736.0,0.02937876461555078,67811.7,67726.1,0.11175741112554594,-0.014615566316278361,0.16933388449273945,67889.5,67650.0,0.22661509389394485,-0.12696350537380052,0.06318648872092325,67922.7,67650.0,0.2756289122475497,-0.12696350537380052,0.8748671312153178,68352.7,67644.8,0.9104464391165745,-0.13464036848942484,1.0794850596433259,68648.5,67644.8,1.3471418448092631,-0.13464036848942484,-0.7821883697085141,2.2420869257115816,0.09817981246552675,Q4_active
2026-03-04T13:45:00+00:00,71361.7,0.0376952903308192,71428.5,71292.4,0.09360763546832906,-0.09711091523885163,0.07132677612782246,71522.9,71292.4,0.22589147960319078,-0.09711091523885163,0.4463178427643877,71982.1,71292.4,0.8693739078525331,-0.09711091523885163,0.36434109613419086,72618.2,71236.8,1.7607484126639372,-0.1750238573352325,2.0223733459264537,73072.1,71236.8,2.39680388779977,-0.1750238573352325,1.1250173591921486,1.9654800824532008,0.12321326028587712,Q4_active
2026-03-04T19:05:00+00:00,73612.0,0.30986795631147146,74003.8,73588.7,0.5322501766016341,-0.031652447970442754,0.019969570178779428,74028.2,73570.2,0.5653969461500763,-0.05678421996414551,0.22346899961962485,74028.2,73470.0,0.5653969461500763,-0.19290333097864432,-0.4322664782915764,74028.2,73263.1,0.5653969461500763,-0.47397163505948914,-0.8557028745313167,74028.2,72849.0,0.5653969461500763,-1.0365157854697604,2.9168536623898955,3.4968483399445622,0.22052745626552436,Q4_active
2026-03-05T03:35:00+00:00,72393.1,-0.09987139658338418,72446.0,72318.5,0.0730732625070507,-0.10304849495326174,0.05097170862968792,72446.0,72315.8,0.0730732625070507,-0.10677813217006005,0.2188053833859671,72631.6,72315.8,0.3294512874845834,-0.10677813217006005,0.46675719094775303,72815.7,72315.8,0.58375729178608,-0.10677813217006005,-0.04945222680062811,73052.0,72315.8,0.9101696156125216,-0.10677813217006005,-0.9187785022527928,1.3951605885091258,0.13855807137401827,Q3
2026-03-05T15:55:00+00:00,71611.7,-0.445597576932244,71617.7,71269.1,0.008378519152607566,-0.478413443613257,-0.8911951538645213,71617.7,70755.0,0.008378519152607566,-1.1963128930049138,-0.9093486120284822,71617.7,70755.0,0.008378519152607566,-1.1963128930049138,-0.48022878942964864,71617.7,70755.0,0.008378519152607566,-1.1963128930049138,-1.3110986053954776,71617.7,70615.0,0.008378519152607566,-1.3918116732321684,-2.3697373820550482,3.1711298572719184,0.23520974289580615,Q4_active
2026-03-05T23:15:00+00:00,71175.0,-0.016016859852463483,71211.4,71136.8,0.05114155251140229,-0.05367053038285441,-0.4456621004566119,71268.1,70839.5,0.13080435546188873,-0.4713733754829641,-0.4987706357569399,71268.1,70816.3,0.13080435546188873,-0.5039690902704508,-0.28746048472076957,71268.1,70748.4,0.13080435546188873,-0.599367755532143,-0.4958201615735791,71268.1,70712.0,0.13080435546188873,-0.6505093080435564,0.4503506412310232,1.0991218826835305,0.07394619145830059,Q2
2026-03-06T09:30:00+00:00,70292.8,0.048084583342822285,70412.2,70280.0,0.16986092458970425,-0.01820954635468608,0.2236359911683694,70578.7,70257.9,0.40672728928139446,-0.04964946623268185,0.46235176291171687,70638.9,70257.9,0.49236906198073527,-0.04964946623268185,0.39435048824345564,70768.2,70257.9,0.6763139325791423,-0.04964946623268185,0.2237782532492627,70768.2,70257.9,0.6763139325791423,-0.04964946623268185,-0.8250843708026312,1.5092584162246976,0.1278698561245475,Q3
2026-03-06T17:10:00+00:00,68370.7,0.09258351896352934,68462.9,68232.0,0.13485308765304183,-0.20286467741298386,-0.21880717909863456,68554.3,68163.0,0.2685360834392636,-0.3037851009277337,-0.8249147661205769,68554.3,67711.4,0.2685360834392636,-0.9643019597576186,-0.11437647998338019,68554.3,67711.4,0.2685360834392636,-0.9643019597576186,0.050313950274039065,68554.3,67711.4,0.2685360834392636,-0.9643019597576186,-2.1876998393416835,3.198884902450891,0.1976221245799926,Q4_active
2026-03-07T06:40:00+00:00,67903.8,-0.06450301750418053,67926.6,67859.9,0.03357691322134482,-0.0646502846674446,-0.3509376500284267,67926.6,67563.0,0.03357691322134482,-0.5018864923612587,-0.44356869571363644,67926.6,67411.0,0.03357691322134482,-0.7257325805036019,-0.20543769273589918,67926.6,67411.0,0.03357691322134482,-0.7257325805036019,-0.06155767423914327,68036.1,67411.0,0.19483445698178503,-0.7257325805036019,-0.5071069701200859,1.1613488494016622,0.12912733649217892,Q2
2026-03-08T00:00:00+00:00,67355.4,0.035780353171399604,67403.5,67344.4,0.07141224014703962,-0.016331281530512776,0.024199989904305497,67432.0,67344.4,0.11372510593063989,-0.016331281530512776,-0.07972634710802229,67461.0,67287.1,0.15678030269288268,-0.10140241168486996,-0.28579742678389586,67461.0,67134.2,0.15678030269288268,-0.3284072249589487,-0.18573121086058464,67461.0,67055.3,0.15678030269288268,-0.4455470533914041,-0.20845648859713073,0.9847762762896345,0.056134051466193206,Q2
2026-03-08T05:00:00+00:00,66742.6,0.21590408524689852,66918.6,66742.5,0.26369964610308827,-0.0001498293443868981,0.37532250766376674,67037.0,66742.5,0.441097589845163,-0.0001498293443868981,0.49713376464206593,67180.0,66742.5,0.6553535523039278,-0.0001498293443868981,0.6649426303440231,67219.7,66742.5,0.714835802021474,-0.0001498293443868981,0.7422545720424445,67238.0,66742.5,0.7422545720424445,-0.0001498293443868981,-0.9098008474450303,1.4248770650229388,0.21725873927532469,Q3
2026-03-08T12:15:00+00:00,67121.4,0.22436957512805833,67306.7,67115.0,0.276066947352116,-0.009534962024027038,0.23315961824394993,67412.4,67115.0,0.4335428045302958,-0.009534962024027038,0.2712994663401025,67462.8,67115.0,0.5086306304695754,-0.009534962024027038,-0.12067686311668657,67462.8,66867.9,0.5086306304695754,-0.3776738864207263,0.31599460082776254,67462.8,66777.0,0.5086306304695754,-0.5131001439183214,-0.3568788244969867,1.9652450634224046,0.06826830237973934,Q4_active
2026-03-08T23:40:00+00:00,66078.6,0.029812980299204206,66138.3,65949.7,0.09034695044991548,-0.19507071881064153,-0.2183762973186565,66188.4,65880.0,0.16616574806365136,-0.3005511617982348,0.3079665731416936,66370.2,65880.0,0.441292642398583,-0.3005511617982348,0.4981945743402605,66730.0,65772.4,0.9857957039041354,-0.4633875415036237,0.7645440430033235,66730.0,65772.4,0.9857957039041354,-0.4633875415036237,-1.0517961695691747,2.8954911272333073,0.11022880637770154,Q4_active
2026-03-09T09:20:00+00:00,67947.3,0.037381912158385155,68010.5,67903.9,0.09301326174844249,-0.06387303101080821,0.4493188103132928,68342.0,67861.3,0.580891367280234,-0.1265686789614917,0.19353234050507595,68431.4,67861.3,0.7124639242471531,-0.1265686789614917,-0.14334638756802187,68431.4,67757.0,0.7124639242471531,-0.2800699954229269,-0.6887690901625221,68431.4,67301.0,0.7124639242471531,-0.9511783396838447,0.9135302277365254,1.7604820206248033,0.11932336223787068,Q3
2026-03-09T15:15:00+00:00,68956.3,0.15009506020480234,69090.7,68940.8,0.19490604919347732,-0.022478004185255696,-0.1406688003851686,69142.1,68780.0,0.2694460114594399,-0.25566917018460256,-0.2172390339968966,69142.1,68690.7,0.2694460114594399,-0.38517147816806707,-0.2614699454582148,69142.1,68690.7,0.2694460114594399,-0.38517147816806707,-0.10847449761660632,69195.4,68590.8,0.3467413419803389,-0.5300458406266029,1.672915895649929,3.096308821674025,0.16171607753706033,Q4_active
2026-03-10T02:00:00+00:00,69139.7,-0.04498139274540236,69139.7,69071.6,0.0,-0.09849623298914256,0.08446666676309444,69209.5,69071.6,0.10095502294629188,-0.09849623298914256,1.2035053666706874,69995.8,69071.6,1.2382176954774282,-0.09849623298914256,1.2765458918682082,70555.0,69071.6,2.0470149566746754,-0.09849623298914256,0.6080442929315755,70555.0,69071.6,2.0470149566746754,-0.09849623298914256,0.11482702098453146,1.4732490884397904,0.02033906999410145,Q3
2026-03-10T09:25:00+00:00,71185.1,-0.07234660062288567,71267.4,71093.1,0.11561408216043123,-0.12924052926805984,-0.19947994734853536,71267.4,71011.3,0.11561408216043123,-0.2441522172477173,-0.2173207595409843,71267.4,70905.5,0.11561408216043123,-0.3927788259059928,-0.6233045960461037,71267.4,70687.2,0.11561408216043123,-0.6994441252453187,-0.7979197893941303,71267.4,70542.4,0.11561408216043123,-0.9028574800063693,2.1189820393642034,2.1765790874775677,0.3306767556918621,Q4_active
2026-03-10T15:55:00+00:00,71296.3,-0.15863375799306523,71386.7,71107.8,0.1267947986080653,-0.2643895966550902,-0.2753298558270223,71386.7,70903.5,0.1267947986080653,-0.5509402311199896,0.033802595646603706,71663.3,70903.5,0.5147532200128202,-0.5509402311199896,-0.10435324133231116,71663.3,70903.5,0.5147532200128202,-0.5509402311199896,-0.6580986671117506,71663.3,70482.9,0.5147532200128202,-1.1408726680066317,0.7818419296837131,3.5332829333359594,0.07035374028518043,Q4_active
2026-03-11T02:35:00+00:00,69660.0,-0.00430663221361316,69729.0,69617.9,0.09905254091300275,-0.060436405397656934,0.12288257249497558,69767.5,69590.6,0.15432098765431057,-0.09962675854148229,0.055842664369798456,69863.9,69590.6,0.2927074361182891,-0.09962675854148229,-0.12087281079529166,69863.9,69462.3,0.2927074361182891,-0.28380706287682855,0.35371805914441445,69983.0,69455.6,0.46368073499856166,-0.29342520815388573,-0.12015404953559239,1.0513924777490795,0.02271002710027224,Q2
2026-03-11T11:50:00+00:00,69293.9,-0.21704652213253572,69313.8,69111.8,0.028718256585369417,-0.26279369468307223,-0.42096057517327923,69313.8,68933.3,0.028718256585369417,-0.5203921268682965,0.11559459057723931,69386.3,68933.3,0.13334507077824576,-0.5203921268682965,0.037377027415130826,69748.7,68933.3,0.6563348288954662,-0.5203921268682965,0.92966336142144,71059.6,68933.3,2.5481319423499293,-0.5203921268682965,-0.8713502997010236,1.0822020408722972,0.21457004967062726,Q2
2026-03-11T19:00:00+00:00,70528.5,-0.15057742614686953,70530.3,70389.1,0.0025521597652122807,-0.1976505951494678,-0.11101894978625682,70530.3,70334.0,0.0025521597652122807,-0.27577504129536745,0.1253394018021048,70639.0,70334.0,0.15667425225263099,-0.27577504129536745,-0.09925065753561002,70696.0,70334.0,0.23749264481733867,-0.27577504129536745,0.239761231275315,70739.9,70334.0,0.29973698575751495,-0.27577504129536745,0.24389931904333917,2.337494771617156,0.025751072961374195,Q4_active
2026-03-12T02:00:00+00:00,69792.6,0.010889406613290298,69838.0,69741.0,0.06504987634792236,-0.07393333963773285,-0.32166734009049236,69838.0,69540.9,0.06504987634792236,-0.36063995323287745,-0.31894498843717534,69838.0,69451.0,0.06504987634792236,-0.4894501709350352,-0.6896146582875629,69838.0,69183.0,0.06504987634792236,-0.8734450357201329,-0.37611437315704377,69838.0,69183.0,0.06504987634792236,-0.8734450357201329,-1.2801000316842392,1.7221023432283569,0.2445681547940748,Q3
2026-03-12T16:55:00+00:00,70329.9,0.12540896546135993,70481.0,70300.0,0.2148446108980684,-0.04251392366545481,0.07749193444039904,70499.9,70300.0,0.2417179606397868,-0.04251392366545481,-0.10436528418210633,70499.9,70153.5,0.2417179606397868,-0.25081793092268656,-0.23119612000015444,70499.9,70026.4,0.2417179606397868,-0.4315376532598503,-0.7803224517594742,70499.9,69761.6,0.2417179606397868,-0.8080489237152211,-0.0910588970650994,1.8768688708500938,0.009166702418237091,Q3
2026-03-13T06:10:00+00:00,71435.2,-0.007279324478681737,71475.9,71410.1,0.05697471274666022,-0.0351367393105817,-0.31371088762961463,71475.9,71179.9,0.05697471274666022,-0.35738683450176056,-0.28725334288977056,71475.9,71150.0,0.05697471274666022,-0.3992429502542083,-0.05655475171902902,71475.9,71150.0,0.05697471274666022,-0.3992429502542083,0.006999350460268339,71639.4,71150.0,0.28585347279772577,-0.3992429502542083,-0.17370160495812081,1.1320749434452442,0.031648631444939915,Q2
2026-03-13T16:30:00+00:00,71608.8,0.29186356984058914,71846.2,71564.9,0.3315234999050398,-0.06130531443063747,0.35791690406765664,71900.0,71564.9,0.40665393080179246,-0.06130531443063747,0.3894772709499339,72062.7,71564.9,0.633860642826023,-0.06130531443063747,-0.020388555596528857,72211.6,71521.8,0.8417959803822983,-0.121493447732679,-0.5192099295058705,72211.6,70811.0,0.8417959803822983,-1.1141088804727972,-0.8841816198738806,3.8125202489079433,0.08762688614540488,Q4_active
2026-03-13T22:35:00+00:00,70662.9,0.029152497279349987,70746.6,70657.0,0.11844970981944591,-0.008349501647952895,0.14802675803002874,70782.3,70636.3,0.16897127063848494,-0.03764351590437309,0.12000639656737366,70796.9,70636.3,0.1896327492927785,-0.03764351590437309,0.2902513199996015,70966.0,70636.3,0.42893795754208597,-0.03764351590437309,0.13698843381746428,70966.0,70636.3,0.42893795754208597,-0.03764351590437309,-1.0618680981724027,1.3360617806515243,0.1920680747606759,Q3
2026-03-14T11:50:00+00:00,70695.8,0.012872051805046247,70705.0,70658.7,0.01301350292379766,-0.052478365051400466,0.016125427535995662,70802.6,70658.7,0.15106979481100957,-0.052478365051400466,0.041162275552419914,70802.6,70658.7,0.15106979481100957,-0.052478365051400466,0.010891736142726316,70802.6,70568.0,0.15106979481100957,-0.18077452974576413,0.16733667346575665,70883.0,70568.0,0.2647964942754655,-0.18077452974576413,0.16392722594611442,0.5694822040347599,0.05975313742705,Q1_quiet
2026-03-14T20:50:00+00:00,70777.2,-0.016954612502328992,70801.0,70764.5,0.03362664812962546,-0.017943631564965035,-0.10695534720219779,70801.0,70664.7,0.03362664812962546,-0.15894949220935928,-0.2011947350276544,70801.0,70625.0,0.03362664812962546,-0.215041001904559,-0.04704904969397017,70801.0,70625.0,0.03362664812962546,-0.215041001904559,-0.12602928626732623,70801.0,70625.0,0.03362664812962546,-0.215041001904559,0.3105242346378212,0.5171156813211034,0.13949194626599593,Q1_quiet
2026-03-15T06:05:00+00:00,71525.0,-0.00796924152394185,71525.0,71467.1,0.0,-0.08095071653266839,-0.13268088081089813,71544.1,71414.8,0.026703949667949978,-0.1540720027962239,-0.20272631946871567,71544.1,71349.9,0.026703949667949978,-0.24480950716533334,-0.16134218804613187,71544.1,71349.9,0.026703949667949978,-0.24480950716533334,-0.10415938483048226,71626.0,71349.9,0.14120936735406708,-0.24480950716533334,0.8091511171810506,1.3034603285564323,0.1906612201521073,Q3
2026-03-15T13:00:00+00:00,71586.9,-0.2859461717157674,71624.4,71369.8,0.05238388587855969,-0.3032677766462766,-0.40091133992392614,71624.4,71226.5,0.05238388587855969,-0.5034440658835515,-0.28399050664296155,71624.4,71226.5,0.05238388587855969,-0.5034440658835515,-0.02025510253971241,71624.4,71226.5,0.05238388587855969,-0.5034440658835515,-0.0590890232709973,71624.4,71226.5,0.05238388587855969,-0.5034440658835515,0.20688950448701782,0.6410390727912428,0.06084307590976164,Q1_quiet
2026-03-15T19:45:00+00:00,71468.8,0.0025185815348827134,71484.5,71453.3,0.021967627831998016,-0.021687785439239438,0.05247044864331585,71525.0,71453.3,0.07863571236679245,-0.021687785439239438,0.007695665801010776,71536.4,71453.3,0.09458672875435337,-0.021687785439239438,0.40731060266856467,71899.6,71396.4,0.6027805140145004,-0.10130294618072577,0.773904137189918,72193.4,71396.4,1.0138689889853891,-0.10130294618072577,0.014833846920314642,0.9675550729828959,0.003732394366199156,Q2
2026-03-16T02:00:00+00:00,72820.6,-0.06811259451310336,72820.6,72709.5,0.0,-0.15256671875816252,-0.38587981972134644,72820.6,72539.5,0.0,-0.38601714350060545,-0.6253724907512526,72820.6,72333.0,0.0,-0.6695907476730545,-0.37585518383536076,72820.6,72333.0,0.0,-0.6695907476730545,1.1888119570561129,74298.5,72333.0,2.02950813368743,-0.6695907476730545,1.6309384246078418,2.18042696709446,0.22056547506700813,Q4_active
2026-03-16T08:15:00+00:00,73443.7,0.06876015233436839,73536.0,73366.5,0.12567449624678595,-0.10511452990521475,-0.3143904786931939,73536.0,73194.0,0.12567449624678595,-0.3399883175820406,-0.5353760771856453,73536.0,72856.0,0.12567449624678595,-0.8002047827111114,-0.37538958413042556,73536.0,72856.0,0.12567449624678595,-0.8002047827111114,-0.20532734598066593,73536.0,72856.0,0.12567449624678595,-0.8002047827111114,1.2074275674372137,2.5616901109284993,0.1262972785977852,Q4_active
2026-03-16T15:30:00+00:00,73678.1,-0.08781442518198679,73790.7,73596.4,0.15282695943570346,-0.11088776719271332,-0.24756338722090598,73790.7,73457.6,0.15282695943570346,-0.2992748184331595,-0.619179919134738,73790.7,73121.3,0.15282695943570346,-0.7557198136216914,-0.39251826526472966,73790.7,73121.3,0.15282695943570346,-0.7557198136216914,-0.06528398533621749,73914.9,73121.3,0.3213980816551887,-0.7557198136216914,0.5741391666382434,2.0851514900628585,0.06838134876764008,Q4_active
2026-03-16T22:55:00+00:00,74719.0,-0.4938502924289656,74719.5,74324.9,0.0006691738379860368,-0.5274428190955471,-0.48568637160560924,74719.5,74200.3,0.0006691738379860368,-0.6942009395200621,-0.19339123917611056,74719.5,74200.3,0.0006691738379860368,-0.6942009395200621,0.17037165914961516,74886.7,74200.3,0.2244409052583718,-0.6942009395200621,0.7558987673818018,75488.0,74200.3,1.0291893628126658,-0.6942009395200621,1.0921124908336743,1.5022952662642701,0.1542931416774971,Q3
2026-03-17T05:00:00+00:00,74189.6,0.09853133053687735,74298.3,74189.6,0.14651649287771296,0.0,0.17050907404811966,74373.8,74189.6,0.24828277817914302,0.0,0.14880791916924707,74420.0,74157.1,0.3105556573967272,-0.0438066791032754,-0.374041644651002,74420.0,73734.8,0.3105556573967272,-0.6130239278820837,-0.058633555107456825,74420.0,73734.8,0.3105556573967272,-0.6130239278820837,-0.6546730317293359,2.7378500490634767,0.0696547892119843,Q4_active
2026-03-17T15:40:00+00:00,73859.8,-0.17804001635530753,73880.1,73672.1,0.027484504425956402,-0.25413012220449893,0.025047454772431088,74021.3,73672.1,0.21865751058085525,-0.25413012220449893,0.09247249518682388,74119.9,73672.1,0.3521536749354848,-0.25413012220449893,0.31762880484376144,74313.9,73672.1,0.6148134709273334,-0.25413012220449893,0.6968608092629447,74450.7,73672.1,0.8000292445958346,-0.25413012220449893,0.20322886989554423,2.0391336017698474,0.029162124279707925,Q4_active
2026-03-17T21:55:00+00:00,74650.3,0.09403847003963683,74740.4,74579.9,0.12069609901097511,-0.09430638590870455,-0.14132562092851186,74740.4,74522.4,0.12069609901097511,-0.17133219826310775,-0.42772768495237257,74740.4,74331.0,0.12069609901097511,-0.42772768495237257,-0.5149343003310269,74740.4,73893.5,0.12069609901097511,-1.0137936485184906,-1.0420587727042019,74740.4,73828.5,0.12069609901097511,-1.1008663059626,0.7153255324803931,1.081978237193972,0.15258432139979183,Q2
2026-03-18T04:40:00+00:00,74187.9,-0.06591371369184529,74223.9,74138.0,0.048525433392776485,-0.06726164239719834,-0.06820519249094437,74223.9,74102.5,0.048525433392776485,-0.11511311143730385,0.07319252870077175,74268.3,74102.5,0.10837346791054969,-0.11511311143730385,-0.30827129491466376,74268.3,73955.5,0.10837346791054969,-0.31325863112448005,-0.2329220802853138,74268.3,73792.0,0.10837346791054969,-0.5336449744499983,0.370837380840916,1.5278771875197978,0.08679269180836327,Q3
2026-03-18T13:30:00+00:00,72239.5,0.2675821399649836,72500.5,72229.3,0.36129818174268635,-0.014119699056602819,-0.058970507824673835,72530.7,72161.0,0.4031035652240167,-0.10866631136704497,-0.3459326268869467,72530.7,71888.0,0.4031035652240167,-0.4865759037645634,-0.7505589047543171,72530.7,71525.0,0.4031035652240167,-0.9890710760733445,-1.1414807688314599,72530.7,70826.3,0.4031035652240167,-1.9562704614511373,-2.4021346303239044,2.987562206272188,0.3822176361838486,Q4_active
2026-03-18T18:40:00+00:00,71575.0,-0.2864128536500199,71576.5,71357.7,0.002095703807203364,-0.3035976248690231,-0.7089067411805705,71576.5,70910.0,0.002095703807203364,-0.9290953545232239,-0.38505064617534446,71576.5,70910.0,0.002095703807203364,-0.9290953545232239,-0.7685644428920835,71576.5,70910.0,0.002095703807203364,-0.9290953545232239,-0.6266154383513745,71576.5,70456.0,0.002095703807203364,-1.5633950401676588,-1.0018077630073896,2.1272790778903126,0.12810173148688767,Q4_active
2026-03-19T12:30:00+00:00,69555.0,0.10423405937747265,69688.5,69555.0,0.19193444037093332,0.0,-0.10437783049386251,69740.6,69473.9,0.26683919200634065,-0.11659837538638973,-0.2317590396089364,69740.6,69068.1,0.26683919200634065,-0.7000215656674524,-0.22902738839767345,69740.6,69050.0,0.26683919200634065,-0.7260441377327287,-0.35827762202572666,70125.3,69050.0,0.8199266767306534,-0.7260441377327287,-0.5241592357143388,1.450794335418002,0.09053630098070686,Q3
2026-03-19T19:50:00+00:00,70250.6,-0.0249108192670211,70292.8,70162.2,0.060070661318190055,-0.1258352241831462,0.019643960336268584,70292.8,70160.8,0.060070661318190055,-0.1278280897245021,0.10633361138552289,70443.6,70160.8,0.27473074963060284,-0.1278280897245021,0.2825598642573812,70644.5,70160.8,0.560706954816026,-0.1278280897245021,0.18006963641592488,70652.7,70160.8,0.5723794529868709,-0.1278280897245021,1.145781141116231,2.5827537416050457,0.13351452922622736,Q4_active
2026-03-20T07:30:00+00:00,70608.0,0.14191026512575533,70732.5,70590.0,0.17632562882392566,-0.025492861998643868,0.2950090641287151,70900.0,70590.0,0.41355087242238575,-0.025492861998643868,0.23382619533198756,70900.0,70590.0,0.41355087242238575,-0.025492861998643868,0.829084523000212,71338.3,70590.0,1.0343020620892762,-0.025492861998643868,-0.041779968275545976,71338.3,70376.0,1.0343020620892762,-0.32857466576025063,0.7936961114600516,1.2522660321776529,0.15790968474865355,Q2
2026-03-20T21:40:00+00:00,70373.8,0.19652200108564166,70534.9,70369.3,0.2289204220888852,-0.006394425198008591,0.18785400248386708,70570.9,70369.3,0.2800758236729983,-0.006394425198008591,0.5693880392987127,70888.0,70369.3,0.7306696526264034,-0.006394425198008591,0.41080629438796645,70888.0,70369.3,0.7306696526264034,-0.006394425198008591,0.18344895401412042,70888.0,70369.3,0.7306696526264034,-0.006394425198008591,0.9134345137717714,1.9296954264229016,0.13793850151580858,Q3
2026-03-21T05:50:00+00:00,70670.9,0.0028300191450725265,70689.5,70664.6,0.02631917804924999,-0.0089145603069829,0.015989608169708625,70715.2,70657.9,0.06268492406351633,-0.01839512444301583,0.1259358519560383,70765.9,70657.9,0.13442590939127808,-0.01839512444301583,0.08942860498453165,70781.2,70657.9,0.15607555585113175,-0.01839512444301583,0.006792045948200709,70848.5,70639.0,0.25130570008307096,-0.04513880536400894,0.04827512005072254,0.5527027390340379,0.019886860675332074,Q1_quiet
2026-03-21T14:50:00+00:00,70657.3,-0.08817206431607216,70657.3,70551.8,0.0,-0.1493122437455141,-0.11166574437462273,70657.3,70536.0,0.0,-0.1716736982590672,-0.08718136696421741,70657.3,70420.0,0.0,-0.3358464022825691,-0.05095014952453125,70730.1,70420.0,0.10303252459407108,-0.3358464022825691,-0.44991812594028513,70730.1,70299.0,0.10303252459407108,-0.5070955159622637,0.04545119872227943,0.774583800966055,0.016947362863632184,Q1_quiet
2026-03-22T01:40:00+00:00,68800.8,0.12703340658828388,68917.6,68800.7,0.16976546784339686,-0.0001453471471402068,0.18168393390773918,68949.5,68800.7,0.21613120777665973,-0.0001453471471402068,0.3023220660224979,69042.6,68800.7,0.35144940175113604,-0.0001453471471402068,0.5726677596772145,69374.8,68800.7,0.8342926245043625,-0.0001453471471402068,0.7604562737642651,69555.9,68800.7,1.0975163079498973,-0.0001453471471402068,-2.317795701749026,3.321618353274966,0.34770292432536437,Q4_active
2026-03-22T06:40:00+00:00,69166.3,-0.06173526703032728,69166.9,69116.0,0.0008674744781611565,-0.072723277087261,-0.05681957832065487,69170.3,69113.6,0.005783163187844664,-0.07619317499996114,-0.06939795825423589,69219.2,69089.4,0.0764823331593556,-0.1111813122864902,-0.3705561812616831,69219.2,68888.0,0.0764823331593556,-0.40236357879488427,-0.6782204628554722,69219.2,68511.3,0.0764823331593556,-0.9469929720109405,0.5312438227462524,1.0918612098666505,0.14161726529505245,Q2
2026-03-23T00:25:00+00:00,67964.6,-0.24968880858566855,67972.8,67766.0,0.012065104480862843,-0.29221094510967216,-0.4578854285907874,67972.8,67409.6,0.012065104480862843,-0.8166015837656637,-0.4712747518561211,67972.8,67409.6,0.012065104480862843,-0.8166015837656637,0.13212760760747955,68094.7,67409.6,0.19142318206830655,-0.8166015837656637,0.3990312603914248,68283.4,67409.6,0.46906772054862156,-0.8166015837656637,-0.4145206784131217,1.6988255650735695,0.055747137761837186,Q3
2026-03-23T07:15:00+00:00,67954.0,-0.34140742266827173,67965.0,67609.1,0.016187420902369354,-0.5075492244753677,-0.007799393707508262,68015.9,67609.1,0.09109103216882186,-0.5075492244753677,0.5353621567530942,68398.6,67609.1,0.6542661211996537,-0.5075492244753677,0.7425611443035107,68670.0,67609.1,1.0536539423727787,-0.5075492244753677,0.4177826176531063,68670.0,67609.1,1.0536539423727787,-0.5075492244753677,0.0848351311704354,2.057715513435542,0.012406306539158612,Q4_active
2026-03-23T16:45:00+00:00,70619.7,-0.08467892103761754,70632.6,70508.4,0.018266857548265847,-0.15760474768372612,-0.04488832436274626,70632.6,70440.3,0.018266857548265847,-0.2540367631128304,-0.1549142802928838,70715.4,70440.3,0.13551459436955682,-0.2540367631128304,0.5101975794289837,71053.4,70324.6,0.6141345828430289,-0.41787206685951483,0.6771481612071417,71166.1,70324.6,0.7737217801831564,-0.41787206685951483,0.3112189384749442,3.021961294086503,0.028232716964111854,Q4_active
2026-03-23T22:20:00+00:00,70648.5,-0.06864972363178623,70654.9,70600.0,0.009058932602945546,-0.06864972363178623,-0.013588398904440524,70669.3,70480.6,0.029441530959606332,-0.2376554350056903,0.11493520740000207,70767.3,70480.6,0.16815643644239042,-0.2376554350056903,-0.18542502671677896,70778.5,70369.6,0.18400956849755623,-0.3947712973382256,0.11719994055074956,71066.6,70369.6,0.5918030814525466,-0.3947712973382256,0.29941394936794374,1.1411424163287218,0.054106057107672356,Q2
2026-03-24T07:20:00+00:00,70892.9,-0.007758181707895329,70925.6,70850.8,0.0461259166997241,-0.05938535452773008,-0.07871027987286228,70926.0,70786.1,0.04669014809663974,-0.15064978298248155,0.14091679138532598,71036.2,70786.1,0.20213589795310405,-0.15064978298248155,-0.0036675040800848713,71376.2,70786.1,0.6817325853505807,-0.15064978298248155,0.050921883573673554,71376.2,70786.1,0.6817325853505807,-0.15064978298248155,0.5247948181297257,1.2689564117140164,0.15273822788989005,Q2
2026-03-24T15:00:00+00:00,69965.6,-0.0438787061070145,70025.7,69888.0,0.08589935625507028,-0.11091164800989262,-0.04173479538517322,70025.7,69817.0,0.08589935625507028,-0.2123900888436725,-0.1041940610814529,70240.0,69738.8,0.39219273471533533,-0.3241593011422794,-0.23254284962898053,70240.0,69738.8,0.39219273471533533,-0.3241593011422794,-0.9830545296545812,70240.0,69248.9,0.39219273471533533,-1.0243605428953861,-1.7705439112018273,2.596704666293154,0.22635650566295187,Q4_active
2026-03-24T20:35:00+00:00,70092.5,-0.0933052751720842,70106.5,69986.4,0.019973606305945246,-0.15137140207583943,-0.08845454221207971,70206.7,69862.8,0.16292756000997333,-0.3277098120340938,-0.13068445268752393,70206.7,69862.8,0.16292756000997333,-0.3277098120340938,0.10229339800977844,70206.7,69862.8,0.16292756000997333,-0.3277098120340938,0.1780504333559252,70548.1,69862.8,0.6499982166423113,-0.3277098120340938,0.025115983041001932,1.9554160573527921,0.0032773453502673434,Q4_active
2026-03-25T12:10:00+00:00,71714.9,-0.4526256049997901,71721.8,71289.9,0.009621431529582836,-0.5926244058068852,-0.5641784343281442,71721.8,71088.1,0.009621431529582836,-0.8740164177876375,-0.5390790477292629,71721.8,71088.1,0.009621431529582836,-0.8740164177876375,-0.05521865051751895,71933.0,71088.1,0.3041209009564394,-0.8740164177876375,-0.48762530520156666,71933.0,71088.1,0.3041209009564394,-0.8740164177876375,0.8560434955038998,1.7312999111760679,0.14291080694010772,Q3
2026-03-26T03:40:00+00:00,70830.6,-0.04461348626159101,70854.9,70798.9,0.034307206207473406,-0.04475466818015805,0.06169649840606084,70877.0,70759.1,0.06550841020687148,-0.10094507176277023,-0.16179447865753982,70877.7,70700.0,0.06649668363671868,-0.184383585625425,-0.027530474117121173,70877.7,70677.5,0.06649668363671868,-0.21614951729902465,-0.7787594627181038,70877.7,70253.5,0.06649668363671868,-0.8147608519481819,-0.7118185998003734,1.1068662414267278,0.1679566051465235,Q2
2026-03-26T20:00:00+00:00,68443.4,0.06224120952496026,68497.2,68408.0,0.0786050955972506,-0.05172156847846887,1.0005347484198568,69448.9,68408.0,1.4690970933647352,-0.05172156847846887,1.0056484628174545,69448.9,68408.0,1.4690970933647352,-0.05172156847846887,0.6583542021582955,69448.9,68408.0,1.4690970933647352,-0.05172156847846887,0.6653672961892676,69448.9,68408.0,1.4690970933647352,-0.05172156847846887,-1.2543137775418267,1.8589082365867315,0.19823969354250381,Q3
2026-03-27T16:45:00+00:00,66021.3,-0.1534353307190317,66021.3,65815.3,0.0,-0.3120205145915045,-0.02968738876696353,66021.3,65815.3,0.0,-0.3120205145915045,0.09436348572355868,66260.5,65815.3,0.3623073159722656,-0.3120205145915045,-0.6108634637609467,66260.5,65555.0,0.3623073159722656,-0.7062872133690279,-0.24719295136569341,66260.5,65523.0,0.3623073159722656,-0.7547564195191647,-1.0940561724363196,1.6329578484519478,0.13339543719290545,Q3
2026-03-27T22:30:00+00:00,65972.7,-0.13020537282845135,65979.5,65874.4,0.010307293774558524,-0.14900102618204958,0.07169632287296057,66028.0,65874.4,0.0838225508430046,-0.14900102618204958,0.0036378683910376353,66037.3,65874.4,0.09791929085820605,-0.14900102618204958,0.2623812577020601,66187.4,65874.4,0.3254376431463202,-0.14900102618204958,0.6270775639014348,66456.2,65874.4,0.7328789029401594,-0.14900102618204958,0.16229970637264834,0.9447847367168586,0.03383660937549192,Q2
2026-03-28T08:35:00+00:00,66418.8,-0.058417195131499344,66444.7,66379.9,0.03899498334807294,-0.058567754912774994,-0.0736237330394518,66444.7,66358.9,0.03899498334807294,-0.09018530897879629,-0.12948141188940943,66444.7,66270.7,0.03899498334807294,-0.22297903605607017,-0.2869669430944355,66444.7,66228.1,0.03899498334807294,-0.28711750287568893,-0.4730588327401253,66444.7,66092.0,0.03899498334807294,-0.49202936517974694,0.4254778688004279,0.6892626786391629,0.18298868513461322,Q1_quiet
2026-03-28T19:00:00+00:00,66873.7,0.02945851657676357,66899.4,66870.0,0.038430653605225906,-0.005532817834208448,-0.09106719083884496,66899.4,66763.8,0.038430653605225906,-0.16433964323792072,-0.05368328655359633,66899.4,66763.8,0.038430653605225906,-0.16433964323792072,0.09719815114161978,66975.3,66763.8,0.1519281870152378,-0.16433964323792072,0.024374305593988232,66975.3,66763.8,0.1519281870152378,-0.16433964323792072,0.16686063841417909,0.972579653884852,0.04164797368027317,Q2
2026-03-29T03:25:00+00:00,66935.3,-0.060954384308431475,66974.9,66892.8,0.0591616082993518,-0.06349415032127492,-0.07066525435757143,66974.9,66871.7,0.0591616082993518,-0.09501712848078991,-0.08889181044978711,66974.9,66821.8,0.0591616082993518,-0.16956673085800622,-0.22200542912335086,66974.9,66738.1,0.0591616082993518,-0.2946128574907392,-0.49630015851127585,66974.9,66571.4,0.0591616082993518,-0.5436593247509336,0.28646726826790925,1.2863167865087628,0.0694111667755731,Q3
2026-03-29T09:25:00+00:00,66645.0,-0.17570710480907525,66668.3,66521.1,0.03496136244280912,-0.18591042088678122,-0.14794808312702523,66668.3,66510.2,0.03496136244280912,-0.20226573636432654,-0.06752194463200967,66668.3,66510.2,0.03496136244280912,-0.20226573636432654,-0.3075999699902465,66668.3,66400.1,0.03496136244280912,-0.36746942756394896,0.23812739140220973,66832.3,66375.5,0.28104133843500634,-0.4043814239627852,-0.21216799153124244,0.48840873283817243,0.08383127255516874,Q1_quiet
2026-03-29T21:45:00+00:00,66654.1,0.01785336535935489,66666.9,66616.1,0.01920361988232422,-0.0570107465257208,-0.4230797505329731,66735.4,66319.7,0.12197299190894739,-0.5016945694263475,-0.5262992074006045,66735.4,66191.5,0.12197299190894739,-0.6940308248104876,-2.458513429781517,66735.4,64941.7,0.12197299190894739,-2.569084272385358,-0.9880862542589353,66735.4,64941.7,0.12197299190894739,-2.569084272385358,0.22072764944600642,0.9525295518205092,0.06680014561339537,Q2
2026-03-30T17:35:00+00:00,66898.2,0.04873075807720895,66937.2,66850.0,0.058297532669038254,-0.07204977114481093,-0.17997494700903172,66969.9,66767.8,0.1071777715992317,-0.19492303230878028,-0.2970184549061061,66969.9,66685.8,0.1071777715992317,-0.31749733176676953,-0.34619765554229076,66969.9,66547.8,0.1071777715992317,-0.5237809089033707,-0.8786484539195394,66969.9,66200.1,0.1071777715992317,-1.0435258347758158,-1.3625312028639591,2.254769186614878,0.18597677554388653,Q4_active
2026-03-30T23:50:00+00:00,66721.7,0.06399717033589436,66769.4,66698.8,0.07149098419254596,-0.034321667463499406,-0.07463838601234896,66790.7,66644.4,0.10341463122192085,-0.11585436222398826,-0.08273170497753446,66790.7,66504.9,0.10341463122192085,-0.3249317688248432,0.5696797293833988,67274.3,66504.9,0.8282163074382121,-0.3249317688248432,1.7973163153816474,68372.6,66504.9,2.4743074591924596,-0.3249317688248432,0.2099669730061926,1.1556959729742966,0.03992232566108971,Q2
2026-03-31T07:30:00+00:00,67292.5,-0.010550952929389013,67335.0,67178.8,0.06315711260542756,-0.16896385184084206,0.10328045473120273,67410.0,67178.8,0.17461084073262523,-0.16896385184084206,0.18471597874949452,67430.0,67178.8,0.2043318348998735,-0.16896385184084206,-0.2591670691384551,67477.3,67094.0,0.27462198610543886,-0.29498086711000626,-1.2892967269755307,67477.3,66327.2,0.27462198610543886,-1.4344837834825652,-0.8910490076954214,1.4653936174165112,0.18928727864338663,Q3
2026-03-31T19:15:00+00:00,67891.6,0.00014729362689536174,67937.7,67825.9,0.06790236200058253,-0.096771912872895,-0.0975083810073829,67937.7,67777.0,0.06790236200058253,-0.16879849642666978,-0.024892622946004472,67937.7,67671.6,0.06790236200058253,-0.3240459791785777,0.13359531959771243,68170.8,67671.6,0.4112438063029744,-0.3240459791785777,0.02386156755769253,68233.9,67671.6,0.5041860848764568,-0.3240459791785777,0.29797650757352745,3.2381030937553303,0.02650703744102748,Q4_active
2026-04-01T13:55:00+00:00,68091.5,0.16477827628997854,68259.2,68051.1,0.24628624718210368,-0.05933192836109491,0.2010529948671902,68259.2,68019.9,0.24628624718210368,-0.10515262551127336,0.5787800239383856,68487.5,68019.9,0.5815703869058497,-0.10515262551127336,0.683492065823188,68658.0,68019.9,0.8319687479347637,-0.10515262551127336,1.1533010728211446,68922.6,68019.9,1.2205635064582276,-0.10515262551127336,-0.7859433578752295,1.2531666948150693,0.12478023503284807,Q2
2026-04-02T05:50:00+00:00,66500.0,0.08751879699246956,66614.2,66500.0,0.1717293233082673,0.0,0.06015037593984918,66614.2,66500.0,0.1717293233082673,0.0,0.30661654135337724,66798.1,66500.0,0.44827067669173104,0.0,0.13849624060151555,66798.1,66500.0,0.44827067669173104,0.0,0.5642105263157893,66887.8,66500.0,0.583157894736841,0.0,-3.0343681194499927,3.6727819548872094,0.40356048559128516,Q4_active
2026-04-02T14:20:00+00:00,66358.5,-0.20570085218925005,66358.5,66158.0,0.0,-0.3021466729959288,0.7036024021037202,67010.5,66158.0,0.9825417994680397,-0.3021466729959288,0.7103837488791953,67075.8,66158.0,1.080946676009864,-0.3021466729959288,0.596005033266267,67075.8,66158.0,1.080946676009864,-0.3021466729959288,0.6243359931282333,67075.8,66158.0,1.080946676009864,-0.3021466729959288,-0.004520693474374671,1.1963802677878406,0.0008667013347200424,Q2
2026-04-03T10:30:00+00:00,66694.1,0.019342040750225387,66744.0,66673.9,0.07481921189429475,-0.030287536678674787,0.17887639236453534,66848.2,66673.9,0.2310549209000312,-0.030287536678674787,0.24709831904170532,66879.7,66673.9,0.27828548552268906,-0.030287536678674787,0.3313636438605494,66960.5,66673.9,0.3994356322373216,-0.030287536678674787,0.2967278964705944,67339.9,66673.9,0.9683015439146514,-0.030287536678674787,0.005248115926392849,1.1479276277811548,0.0012851110703139342,Q2
2026-04-03T19:40:00+00:00,66821.1,0.07347978408016598,66876.0,66821.0,0.08215967710796246,-0.0001496533280742618,0.05387519810360342,66882.9,66821.0,0.0924857567444759,-0.0001496533280742618,0.07033706419079522,66882.9,66815.1,0.0924857567444759,-0.008979199683933903,0.05237866482292741,66888.9,66815.1,0.1014649564284209,-0.008979199683933903,0.11852543582790975,66900.6,66791.8,0.11897439581209923,-0.04384842512320519,0.06918767381158819,0.4770948098729337,0.027536059125051353,Q1_quiet
2026-04-04T04:40:00+00:00,66830.9,0.0002992627661901892,66834.5,66819.6,0.005386729791179157,-0.01690834628890192,0.003890415960294824,66840.8,66817.8,0.014813506925692721,-0.019601711184480397,-0.0007481569154421663,66866.0,66817.8,0.05252061546381359,-0.019601711184480397,0.0567102941902764,66908.4,66817.8,0.11596432189302508,-0.019601711184480397,0.14080313148558954,66940.0,66817.8,0.1632478389487657,-0.019601711184480397,-0.015559242564111564,0.28400036510057913,0.008467676274229367,Q1_quiet
2026-04-04T13:45:00+00:00,67176.6,-0.015481581384002574,67185.8,67144.6,0.013695245070444173,-0.047635635027676315,-0.009527127005548586,67212.0,67144.6,0.052696921249362205,-0.047635635027676315,-0.002679504470315397,67212.0,67144.6,0.052696921249362205,-0.047635635027676315,-0.1113482968771895,67212.0,67003.7,0.052696921249362205,-0.2573812905089068,0.1945617968161395,67507.0,67003.7,0.4918379316607213,-0.2573812905089068,0.3678448059476924,0.5531688117588651,0.18245145990810885,Q1_quiet
2026-04-04T23:10:00+00:00,67324.9,-0.004901604012763627,67332.3,67301.7,0.010991475665034223,-0.03445976154439201,-0.07872273111434458,67332.3,67271.8,0.010991475665034223,-0.07887126456925797,-0.04901604012780281,67332.3,67229.4,0.010991475665034223,-0.1418494494607514,-0.15135559057642967,67332.3,67205.1,0.010991475665034223,-0.17794307900937945,-0.24790233628270153,67332.3,67081.9,0.010991475665034223,-0.3609362954865136,0.03179626616742759,0.5473457814270798,0.01361496373584141,Q1_quiet
2026-04-05T11:30:00+00:00,66977.4,-0.026874736851534298,66977.5,66938.6,0.00014930409362179375,-0.057929988324401105,-0.03150316375373219,66977.5,66938.6,0.00014930409362179375,-0.057929988324401105,-0.12048840355104451,66977.5,66887.4,0.00014930409362179375,-0.1343736842576715,-0.3616145147467664,66977.5,66694.4,0.00014930409362179375,-0.4225305849435812,-0.2945769767115247,66977.5,66650.1,0.00014930409362179375,-0.48867229841705884,0.30130495595734885,0.6533547136795484,0.14952437574315847,Q1_quiet
2026-04-05T18:35:00+00:00,67408.9,-0.01735675852891916,67427.7,67374.9,0.027889492337074273,-0.050438443588307624,-0.048806611589857773,67428.0,67354.3,0.028334537427565643,-0.0809982064682746,-0.06067448066945369,67428.0,67345.0,0.028334537427565643,-0.09479460427331832,-0.16555677366043575,67534.0,67286.1,0.18558380273228092,-0.1821717903718767,0.3707225603740927,67662.1,67247.3,0.37561805636943113,-0.2397309554079574,0.888117278176459,1.5425262836213065,0.2344157383266213,Q3
2026-04-06T04:30:00+00:00,69022.5,0.23267775000905822,69185.4,69022.4,0.23600999674018297,-0.0001448802926629078,0.13763627802527711,69188.0,69022.4,0.23977688434930755,-0.0001448802926629078,0.14125828534172769,69188.0,69022.4,0.23977688434930755,-0.0001448802926629078,0.25716251946827917,69214.6,69022.4,0.2783150421963976,-0.0001448802926629078,-0.2855590568292987,69326.1,68777.9,0.4398565685102662,-0.3543771958419484,0.00985283058783093,1.215545655402224,0.0018794914317310347,Q2
2026-04-06T20:25:00+00:00,69918.1,-0.01144195852004204,69929.0,69896.9,0.015589668483539931,-0.03032119007811973,-0.07780531793628587,69941.0,69845.2,0.03275260626360854,-0.10426484701387961,-0.192940025544186,69941.0,69775.1,0.03275260626360854,-0.20452500854570843,-0.4224943183524843,69941.0,69616.9,0.03275260626360854,-0.4307897382795134,-0.8366932167779173,69941.0,69282.9,0.03275260626360854,-0.9084915064911825,0.31291248206599676,1.5452364981313769,0.055266958923550276,Q3
2026-04-07T08:45:00+00:00,68887.7,0.06880763909959953,68962.8,68879.7,0.10901801047211723,-0.011613103645502498,0.09958236376015339,68962.8,68879.7,0.10901801047211723,-0.011613103645502498,0.2646335993218063,69221.6,68879.7,0.4847019134039954,-0.011613103645502498,0.36973218731355395,69221.6,68879.7,0.4847019134039954,-0.011613103645502498,-0.7262544692303585,69221.6,68360.7,0.4847019134039954,-0.7650132026472023,0.255850878814301,0.7923039962141325,0.0736736233341728,Q1_quiet
2026-04-07T17:55:00+00:00,68670.0,-0.046599679627201684,68746.3,68615.1,0.11111111111110628,-0.0799475753604062,-0.08635503130915989,68746.3,68580.6,0.11111111111110628,-0.13018785495848562,-0.09217999126256426,68746.3,68518.2,0.11111111111110628,-0.22105723023154722,-0.3725061890199499,68746.3,68318.1,0.11111111111110628,-0.5124508519003812,0.44604630843163573,69068.5,68318.0,0.5803116353575,-0.5125964758992296,0.44334319678089873,1.8468035532255673,0.07200380092647721,Q3
2026-04-08T17:50:00+00:00,71806.4,0.05737650125896554,71876.0,71801.9,0.09692729338890427,-0.006266850865666029,-0.08411506495241694,71876.0,71726.2,0.09692729338890427,-0.11168920876133415,-0.6166581251810244,71876.0,71310.0,0.09692729338890427,-0.691303282158684,-0.8969952539049308,71876.0,71141.9,0.09692729338890427,-0.9254049778292694,-0.7542503175204329,71876.0,70979.9,0.09692729338890427,-1.1510116089930689,-0.15989677620290577,3.0083669422224166,0.01894438587243008,Q4_active
2026-04-09T04:25:00+00:00,70820.0,0.05648121999435318,70865.3,70813.8,0.06396498164360498,-0.008754589099124743,0.032194295396781314,70901.0,70813.8,0.1143744704885652,-0.008754589099124743,-0.08458062694153279,70901.0,70710.4,0.1143744704885652,-0.15475854278452772,0.18356396498164784,70975.0,70666.0,0.21886472747811858,-0.21745269697825975,0.018356396498164784,71063.0,70666.0,0.3431234114656956,-0.21745269697825975,-0.24593419781223647,1.0477266308952273,0.05688408157946325,Q2
2026-04-10T04:45:00+00:00,71904.0,0.23475745438361617,72180.9,71856.3,0.3850967957276241,-0.06633845126835514,0.2586782376502006,72180.9,71856.3,0.3850967957276241,-0.06633845126835514,0.20304850912327144,72180.9,71856.3,0.3850967957276241,-0.06633845126835514,0.3476858032932739,72242.2,71856.3,0.47034935469514316,-0.06633845126835514,-0.08372274143302327,72242.2,71833.4,0.47034935469514316,-0.09818647085002574,0.21421513220152288,1.1181575433911883,0.055083682758125266,Q2
2026-04-10T21:50:00+00:00,73106.5,0.06798301108656979,73166.9,73093.9,0.08261919254783923,-0.017235129571246954,-0.009027925013516125,73209.9,73053.7,0.14143749187827126,-0.07222340010806239,-0.1700259210877353,73209.9,72962.4,0.14143749187827126,-0.19710969612826146,-0.36002270659927227,73209.9,72700.0,0.14143749187827126,-0.5560381087864941,-0.32596280768468766,73209.9,72700.0,0.14143749187827126,-0.5560381087864941,0.3384577799310895,0.8990992592997926,0.07038474711725354,Q2
2026-04-11T03:20:00+00:00,72957.1,-0.006305075174317665,72992.9,72952.4,0.049069932878342826,-0.006442142025941955,-0.03687098308459147,72992.9,72887.4,0.049069932878342826,-0.09553559557604618,-0.11075001610535429,72992.9,72861.0,0.049069932878342826,-0.1317212444025384,-0.37583730712982266,72992.9,72681.0,0.049069932878342826,-0.37844157731050654,-0.3116900205737516,72992.9,72631.0,0.049069932878342826,-0.4469750031182773,-0.03439194762557829,0.5944589354566061,0.012379778051783521,Q1_quiet
2026-04-11T12:20:00+00:00,72780.6,0.0570206895793568,72828.8,72774.0,0.06622643946325724,-0.009068350631902256,0.07488259233916494,72873.7,72774.0,0.12791870361057445,-0.009068350631902256,0.13753665125046943,72947.4,72774.0,0.22918195233343486,-0.009068350631902256,-0.20761026976969799,72947.4,72471.6,0.22918195233343486,-0.4245636886752835,-0.11074379711077942,72947.4,72471.6,0.22918195233343486,-0.4245636886752835,-0.007281630095923308,0.4497077517910032,0.0032037719881450174,Q1_quiet
2026-04-12T00:55:00+00:00,73038.8,-0.05312244998548765,73095.4,72999.8,0.07749305848396837,-0.05339627704726846,-0.0012322217780247335,73095.4,72939.0,0.07749305848396837,-0.13663970382865598,-0.08502330268296276,73095.4,72939.0,0.07749305848396837,-0.13663970382865598,-1.9714179312913305,73095.4,71259.6,0.07749305848396837,-2.435965541602536,-1.8006867582709418,73095.4,71259.6,0.07749305848396837,-2.435965541602536,-0.8107469464581074,1.1299473704387295,0.18284839203675343,Q2
2026-04-12T11:45:00+00:00,71409.0,0.042151549524582776,71439.2,71409.0,0.04229158789508247,0.0,-0.07113949222087301,71440.0,71339.4,0.04341189485919106,-0.09746670587741368,-0.005881611561564526,71440.0,71300.1,0.04341189485919106,-0.1525017854892119,-0.033189093811702985,71478.0,71299.0,0.0966264756543378,-0.15404220756487508,-0.6350740102788133,71478.0,70855.8,0.0966264756543378,-0.7746922656807875,-0.2934967159644253,0.6034253385427526,0.11232232553168368,Q1_quiet
2026-04-13T03:40:00+00:00,70946.4,-0.01846464373103096,70946.5,70891.1,0.00014095147886639126,-0.07794616781117147,-0.0014095147886306059,70973.2,70891.1,0.03777499633526027,-0.07794616781117147,-0.034533112321410986,70973.2,70865.5,0.03777499633526027,-0.11402974640009056,0.05722630041835597,71112.9,70865.5,0.23468421230674608,-0.11402974640009056,-0.3285578972294423,71112.9,70635.0,0.23468421230674608,-0.4389229051791177,0.22815600502366085,0.999345985138076,0.04621548147088243,Q2
2026-04-13T16:10:00+00:00,71988.5,0.10723935072962654,72095.8,71871.6,0.14905158462810153,-0.16238704793125613,0.2839342394965749,72227.3,71871.6,0.3317196496662733,-0.16238704793125613,0.366308507608859,72322.0,71871.6,0.4632684387089636,-0.16238704793125613,0.36644741868492314,72408.3,71871.6,0.5831486973613798,-0.16238704793125613,0.21753474513290794,72549.8,71871.6,0.7797078700070292,-0.16238704793125613,1.6271410400658493,2.3701007799856884,0.19873784398924144,Q4_active
2026-04-14T06:25:00+00:00,74348.9,0.020578650121261255,74364.7,74321.8,0.02125115502717989,-0.036449765901025444,0.0001345009811970499,74419.0,74321.8,0.09428518781045003,-0.036449765901025444,0.18520785109128468,74513.4,74321.8,0.22125411404876338,-0.036449765901025444,0.3872283248306463,74896.3,74321.8,0.7362583710048387,-0.036449765901025444,0.3396149774912649,74896.3,74321.8,0.7362583710048387,-0.036449765901025444,0.1206582879181406,0.5743191896584886,0.04165117143919216,Q1_quiet
2026-04-15T08:50:00+00:00,74122.5,-0.0702890485345331,74139.5,74067.6,0.022935006239666045,-0.07406657897398583,-0.19346352322168192,74143.5,73968.0,0.028331478296061974,-0.2084387331781845,-0.1555533070255355,74143.5,73919.2,0.028331478296061974,-0.2742756922661904,-0.2510708624236968,74143.5,73869.5,0.028331478296061974,-0.3413268575668704,-0.22031097170225333,74213.9,73750.0,0.12330938648856815,-0.5025464602516072,-0.16338064592599233,1.2347128065027646,0.04175990635866031,Q2
2026-04-15T17:50:00+00:00,74075.3,0.028619526346829183,74129.7,74039.5,0.07343878458809794,-0.048329200151742135,0.14107266524738815,74269.0,74027.7,0.2614906723293675,-0.06425893651460513,0.2112715034566115,74329.0,74027.7,0.3424893318015654,-0.06425893651460513,0.33627943457534837,74351.0,74027.7,0.3721888402746787,-0.06425893651460513,1.261689119045073,75241.0,74027.7,1.573668955778773,-0.06425893651460513,-0.2818884642463271,1.2514292888452694,0.0395288254615459,Q2
2026-04-15T22:50:00+00:00,75055.0,-0.16414629271866987,75055.1,74867.6,0.00013323562721989646,-0.2496835653853724,-0.4127639730864052,75055.1,74677.2,0.00013323562721989646,-0.5033641995869753,-0.5193524748517753,75055.1,74609.8,0.00013323562721989646,-0.5931650123242926,-0.3770568249950035,75055.1,74578.0,0.00013323562721989646,-0.6355339417760342,-0.45073612684032316,75055.1,74405.0,0.00013323562721989646,-0.8660315768436511,1.322573111414993,1.828392512157755,0.21712727998049666,Q3
2026-04-16T11:45:00+00:00,74426.7,0.10708522613525062,74527.8,74426.6,0.13583834833468256,-0.00013436038409642137,0.3684161732281588,74723.0,74426.6,0.3981098181163434,-0.00013436038409642137,0.3696254166851487,74827.3,74426.6,0.5382476987425333,-0.00013436038409642137,0.1785649504814968,74827.3,74426.6,0.5382476987425333,-0.00013436038409642137,0.031440329881626816,74980.1,74378.4,0.7435503656618048,-0.06489606552487759,-0.7144924848890732,1.0859006243727012,0.1950615485468766,Q2
2026-04-16T21:05:00+00:00,75221.9,-0.16125622990111887,75246.0,75099.5,0.03203854196718314,-0.16271856999091616,-0.506767311115508,75246.0,74758.7,0.03203854196718314,-0.615778117808774,-0.39616122432429846,75246.0,74758.7,0.03203854196718314,-0.615778117808774,-0.3613309421857003,75246.0,74758.7,0.03203854196718314,-0.615778117808774,-0.3651862024224295,75246.0,74758.7,0.03203854196718314,-0.615778117808774,0.6854522432130583,2.1635986328449563,0.10175452540385885,Q4_active
2026-04-17T20:00:00+00:00,77516.8,0.0,77563.8,77473.2,0.060632017833550655,-0.05624587186262575,-0.10746057628798766,77563.8,77366.9,0.060632017833550655,-0.193377435601072,-0.490474322985468,77563.8,77111.0,0.060632017833550655,-0.5234994220607692,-0.26652286988111396,77563.8,77109.2,0.060632017833550655,-0.5258214993395072,-0.1252631687582606,77563.8,77109.2,0.060632017833550655,-0.5258214993395072,-0.18734958918290578,1.7769051354028988,0.03176093078081679,Q3
2026-04-18T02:40:00+00:00,77277.7,-0.018634094958824843,77294.7,77256.9,0.021998584326388126,-0.026915914940539576,-0.03636236585714547,77294.7,77230.9,0.021998584326388126,-0.06056080861620572,-0.07777146576566363,77294.7,77183.1,0.021998584326388126,-0.12241565160452383,-0.20691609610533623,77294.7,77058.4,0.021998584326388126,-0.28378173781052896,-0.4375130212208589,77294.7,76824.3,0.021998584326388126,-0.5867151843287233,-0.1230404960910092,0.7963487526155595,0.03164052113799483,Q1_quiet
2026-04-18T23:45:00+00:00,75717.9,-0.06009147110525026,75718.0,75660.0,0.00013206916726904439,-0.07646804784601224,0.008848634206715111,75725.2,75639.0,0.009641049210307173,-0.10420257297151236,-0.06101595527608916,75802.0,75632.3,0.11107016966926953,-0.11305120717821637,-0.1267864005737085,75802.0,75506.4,0.11107016966926953,-0.27932628876394805,-0.23864898524654787,75802.0,75407.8,0.11107016966926953,-0.40954648768651847,0.12787419400908107,0.4666003679447039,0.038069367347741634,Q1_quiet
2026-04-19T17:30:00+00:00,75101.4,0.09187578394012075,75170.5,75033.3,0.09200893725018755,-0.09067740414957504,-0.1350174563989448,75184.2,75000.0,0.11025094072814046,-0.1350174563989448,-0.589203397007243,75184.2,74580.0,0.11025094072814046,-0.6942613586431112,-0.5704287802890451,75184.2,74550.0,0.11025094072814046,-0.734207351660543,-0.24713254346788727,75184.2,74550.0,0.11025094072814046,-0.734207351660543,-0.527420012821278,1.6713403478497035,0.09438255510785018,Q3
2026-04-20T07:15:00+00:00,74876.9,0.6140745677238213,75536.1,74863.3,0.8803783276284394,-0.018163145108829326,0.21515313801721003,75536.1,74863.3,0.8803783276284394,-0.018163145108829326,-0.08266902075272364,75536.1,74806.9,0.8803783276284394,-0.09348677629549274,0.09535651182142058,75536.1,74614.9,0.8803783276284394,-0.3499076484202779,0.1777584274990085,75536.1,74565.0,0.8803783276284394,-0.41655036466519135,0.7417363600159099,1.0991373841598677,0.18208541136836262,Q2
2026-04-20T19:40:00+00:00,76200.0,0.0,76200.0,76165.6,0.0,-0.04514435695537333,0.06902887139108582,76286.7,76165.6,0.11377952755904364,-0.04514435695537333,0.12112860892388166,76322.0,76072.9,0.16010498687664132,-0.166797900262472,-0.00013123359581257432,76526.0,76072.9,0.4278215223097126,-0.166797900262472,-0.4661417322834649,76526.0,75729.9,0.4278215223097126,-0.6169291338582794,1.2071811940587818,2.347769028871391,0.17218906886425958,Q4_active
2026-04-21T06:05:00+00:00,75728.3,0.01307305195019648,75751.0,75714.0,0.029975583764585423,-0.018883297261396148,-0.07170370918138103,75759.8,75664.5,0.04159607438698476,-0.08424855701237854,0.3360698708408938,76088.7,75664.5,0.47591191139904065,-0.08424855701237854,0.17391120624654643,76088.7,75664.5,0.47591191139904065,-0.08424855701237854,0.5169797816668265,76272.4,75664.5,0.7184896531415408,-0.08424855701237854,-0.5238607539233775,0.9886660601122659,0.1467471298204282,Q2
2026-04-21T23:25:00+00:00,75741.7,0.0769721302796178,75800.0,75740.0,0.0769721302796178,-0.0022444703511981245,0.3946306988092507,76094.9,75740.0,0.46632172238014746,-0.0022444703511981245,0.7215312040791177,76393.3,75740.0,0.8602922828508053,-0.0022444703511981245,0.6457473228089761,76468.6,75740.0,0.9597091166424931,-0.0022444703511981245,0.5036855523443462,76468.6,75740.0,0.9597091166424931,-0.0022444703511981245,0.4101691185340872,1.4570573409363745,0.06185278477469818,Q3
2026-04-22T05:55:00+00:00,77956.8,-0.036302157092138465,77973.3,77877.0,0.021165568622616426,-0.10236438642940993,-0.0493863267861161,77982.3,77877.0,0.03271042423496073,-0.10236438642940993,-0.03052972928596631,78008.8,77877.0,0.06670361020462146,-0.10236438642940993,0.021037292449133105,78008.8,77860.0,0.06670361020462146,-0.12417133591938745,0.02719454877573302,78087.0,77782.7,0.16701557785849808,-0.2233288180120363,2.1356877737410462,3.001277630687762,0.33020033625701617,Q4_active
2026-04-22T11:20:00+00:00,78186.0,0.11881922594836336,78279.0,78179.6,0.11894712608395697,-0.008185608676736233,0.006778707185439714,78366.9,78134.3,0.23137134525361702,-0.06612437009182459,0.07175197605711059,78366.9,78134.3,0.23137134525361702,-0.06612437009182459,0.01637121735349467,78476.2,78134.3,0.37116619343615653,-0.06612437009182459,0.3096462282250023,78476.2,78070.0,0.37116619343615653,-0.14836415726601215,0.3483300947447532,0.5976773335379773,0.10668238993710707,Q1_quiet
2026-04-23T00:00:00+00:00,78308.6,-0.26548808176880545,78311.3,78100.7,0.0034478971658202795,-0.26548808176880545,0.06551004615071854,78395.6,77533.1,0.11109890867668781,-0.9903126859629685,0.09998901780901015,78523.4,77533.1,0.27429937452589925,-0.9903126859629685,-0.0593804511892726,78532.6,77533.1,0.2860477648687354,-0.9903126859629685,-0.12961539345615058,78532.6,77533.1,0.2860477648687354,-0.9903126859629685,-0.556845902896741,1.1610474456189959,0.13799288793781617,Q2
2026-04-23T13:05:00+00:00,77764.9,-0.19738982497244928,77777.7,77596.0,0.016459868141027734,-0.21719310382961599,-0.16562742316904577,77777.7,77557.2,0.016459868141027734,-0.26708707913210006,-0.29884948093548136,77777.7,77487.3,0.016459868141027734,-0.3569733903084682,-0.26014307226008837,77777.7,77340.6,0.016459868141027734,-0.5456189103309916,0.25859995962189686,78160.5,77340.6,0.5087127997335683,-0.5456189103309916,-0.3408905959049524,1.3209044183172578,0.07200866269626365,Q3
2026-04-24T01:50:00+00:00,78340.0,0.041996425836088314,78399.0,78340.0,0.07531273934133775,0.0,-0.05910135307634068,78538.6,78278.1,0.2535103395455707,-0.0790145519530161,-0.1573908603523133,78538.6,78214.0,0.2535103395455707,-0.16083737554251076,-0.317334694919591,78538.6,78006.5,0.2535103395455707,-0.4257084503446529,-0.8433750319121747,78538.6,77501.8,0.2535103395455707,-1.0699514934899068,0.637171779456347,0.9111564973193808,0.15603372341764102,Q2
2026-04-24T14:35:00+00:00,77937.6,-0.013215700765745186,77971.4,77850.0,0.04336802775553039,-0.11239761039602003,0.03682433125986595,78009.0,77828.9,0.09161175093921337,-0.13947055079962523,-0.4492055182607646,78016.3,77526.0,0.10097821847221411,-0.5281147995319424,-0.3105048141076927,78016.3,77526.0,0.10097821847221411,-0.5281147995319424,-0.24570938802324083,78198.9,77526.0,0.3352682145716379,-0.5281147995319424,0.5645154006252984,1.308739299131613,0.10510005525260019,Q3
2026-04-25T01:00:00+00:00,77411.0,-0.0021960703259216174,77415.5,77392.7,0.005813127333320622,-0.02364005115552681,0.0878428130369091,77502.1,77392.7,0.11768353334797865,-0.02364005115552681,0.11484155998500167,77502.1,77392.7,0.11768353334797865,-0.02364005115552681,0.06446112309619334,77575.0,77392.7,0.21185619614783047,-0.02364005115552681,0.24415134799964378,77608.2,77392.7,0.25474415780701865,-0.02364005115552681,-0.165850739493123,0.671351616695298,0.06830252814956694,Q1_quiet
2026-04-25T10:00:00+00:00,77721.4,-0.0054039170678810144,77750.6,77702.3,0.03757009009102141,-0.024574956189660213,-0.005275252375780415,77750.6,77702.3,0.03757009009102141,-0.024574956189660213,0.12969400962927757,77847.0,77702.3,0.16160285326822788,-0.024574956189660213,0.00990718129114665,77847.0,77702.3,0.16160285326822788,-0.024574956189660213,-0.15800024188961093,77847.0,77562.9,0.16160285326822788,-0.2039335369666495,0.3552138707723751,0.4622922386884474,0.19761511385675812,Q1_quiet
2026-04-25T19:00:00+00:00,77264.7,-0.0022002285649191933,77275.5,77235.0,0.01397792264772324,-0.03843928728125556,0.050605256993185854,77305.0,77235.0,0.05215835950957981,-0.03843928728125556,-0.09046822158113033,77313.7,77184.5,0.06341835275358587,-0.10379901818035053,0.00660068569475758,77344.3,77151.9,0.10302246692215355,-0.14599163654295255,0.2662276563553556,77490.7,77151.9,0.2925009739247031,-0.14599163654295255,-0.43067620803902695,0.8007537724213148,0.1881544871073064,Q1_quiet
2026-04-26T04:05:00+00:00,77401.7,0.0401799960465965,77455.0,77390.0,0.06886153663292482,-0.015115947065758029,0.07144545920827472,77457.1,77390.0,0.07157465533704777,-0.015115947065758029,0.013048809005500317,77457.1,77381.0,0.07157465533704777,-0.026743598654810352,0.45024850875368116,77790.1,77381.0,0.5017977641318172,-0.026743598654810352,0.7193640449757677,78165.0,77381.0,0.9861540508800282,-0.026743598654810352,-0.17861702703887428,0.4236341062276334,0.09714526197657211,Q1_quiet
2026-04-26T17:40:00+00:00,77979.1,0.006411974490605488,78024.7,77962.2,0.05847720735425721,-0.021672473778244772,-0.0030777477554977395,78024.7,77962.2,0.05847720735425721,-0.021672473778244772,0.10784941093189282,78122.0,77945.7,0.1832542309413654,-0.04283198959722512,0.24506566503075256,78322.3,77945.7,0.4401179290348223,-0.04283198959722512,0.20761973400564848,78474.7,77945.7,0.6355549115083292,-0.04283198959722512,0.10154043645700384,0.523858315882076,0.04369924313574143,Q1_quiet
2026-04-27T06:25:00+00:00,77680.1,-0.14752813140045395,77680.1,77410.8,0.0,-0.34667823548116816,-0.14405233772871728,77680.1,77410.8,0.0,-0.34667823548116816,-0.028063815571821582,77699.5,77410.8,0.02497422119691617,-0.34667823548116816,-0.04325432124830941,77699.5,77410.8,0.02497422119691617,-0.34667823548116816,-0.2005661681692028,77699.5,77410.8,0.02497422119691617,-0.34667823548116816,-1.5061875538875058,2.3536272481626606,0.3063413879361453,Q4_active
2026-04-27T23:25:00+00:00,77089.8,0.11960077727533047,77201.4,77088.0,0.14476623366515007,-0.0023349392526683665,0.22609995096627422,77271.1,77088.0,0.23518027028219812,-0.0023349392526683665,0.3143087671780176,77419.8,77088.0,0.4280721963216827,-0.0023349392526683665,0.12829194004913003,77419.8,77088.0,0.4280721963216827,-0.0023349392526683665,0.14333932634407187,77441.9,77088.0,0.4567400615904882,-0.0023349392526683665,0.5588209972685165,1.0208873288035512,0.20552677029361588,Q2
2026-04-28T10:30:00+00:00,76558.1,-0.05146418210484338,76572.3,76518.7,0.018548004717988675,-0.05146418210484338,0.03814096744825246,76587.4,76518.7,0.03827158719977852,-0.05146418210484338,-0.06988156707128379,76607.6,76500.1,0.06465677700988604,-0.07575945589036737,-0.3956472273998535,76607.6,76222.0,0.06465677700988604,-0.4390129849095037,-0.42608162950753536,76607.6,76088.0,0.06465677700988604,-0.6140434519665505,-0.5041197723078428,0.8012215559163677,0.12243931694075107,Q1_quiet
2026-04-29T08:35:00+00:00,76980.2,0.051441799319840165,77019.9,76964.5,0.05157170285345902,-0.020394854780836358,0.02494147845808481,77028.9,76964.5,0.06326302088068836,-0.020394854780836358,-0.05715755479980267,77028.9,76918.5,0.06326302088068836,-0.08015048025336036,0.2781234655145237,77243.7,76918.5,0.3422958111306551,-0.08015048025336036,0.8655472446161605,77872.6,76918.5,1.15925913416699,-0.08015048025336036,0.024297863217315196,0.7543498198237951,0.009460211463548486,Q1_quiet
2026-04-29T16:05:00+00:00,76007.9,-0.010393656448859367,76102.3,76000.0,0.12419761630042547,-0.010393656448859367,-0.40048468646021185,76102.3,75655.9,0.12419761630042547,-0.46310975569644475,-0.20853095533490684,76102.3,75655.9,0.12419761630042547,-0.46310975569644475,-0.14195892795353382,76102.3,75655.9,0.12419761630042547,-0.46310975569644475,-1.3642003002319436,76220.3,74935.3,0.27944463667592956,-1.4111691021591044,-1.9018733504126861,2.5989403733033134,0.3768990741214354,Q4_active
2026-04-30T04:00:00+00:00,75795.9,-0.046440506676481697,75808.5,75657.3,0.01662359045806472,-0.1828594950386342,-0.15304257882022831,75808.5,75644.4,0.01662359045806472,-0.19987888526952213,-0.43907388130490776,75808.5,75462.2,0.01662359045806472,-0.44026128062335523,-0.4174368270579154,75808.5,75369.0,0.01662359045806472,-0.5632230767099511,-0.27626824142201745,75808.5,75278.2,0.01662359045806472,-0.6830184746140611,-0.03705950622494569,1.2537617470074278,0.0073701051748120625,Q2
2026-04-30T22:45:00+00:00,76288.2,-0.0891356723582426,76335.5,76220.0,0.06200172503743051,-0.08939783610046881,-0.09228163726499039,76335.5,76155.3,0.06200172503743051,-0.17420780671191238,-0.026609619836359677,76335.5,76155.3,0.06200172503743051,-0.17420780671191238,0.023201491187352374,76344.0,76155.3,0.07314368408219973,-0.17420780671191238,0.2086823388151693,76551.2,76155.3,0.34474532103261346,-0.17420780671191238,0.14926254849063625,0.5096463148953612,0.04811069267549484,Q1_quiet
2026-05-01T07:45:00+00:00,77068.7,0.04437599180990848,77110.0,77068.7,0.05358855151313957,0.0,-0.024783083145285545,77110.0,77010.5,0.05358855151313957,-0.07551703869403958,0.3333389560223665,77377.0,77010.5,0.4000326980992286,-0.07551703869403958,0.33359846474638744,77475.3,77010.5,0.5275812359622156,-0.07551703869403958,0.12586173115674004,77475.3,77010.5,0.5275812359622156,-0.07551703869403958,0.6729933967748014,1.2056775318644237,0.19706242350061462,Q2
2026-05-02T01:25:00+00:00,78304.9,0.09552403489436756,78410.8,78304.9,0.13524057881435514,0.0,0.03103254074776629,78410.8,78274.0,0.13524057881435514,-0.03946113206196866,-0.011621239539272299,78410.8,78251.0,0.13524057881435514,-0.06883349573270081,-0.09424697560431738,78410.8,78212.6,0.13524057881435514,-0.11787257246991256,0.042398368429075184,78481.5,78183.7,0.22552867061960136,-0.15477958595183638,0.24682475570365625,0.8313655978106096,0.08656609195401731,Q1_quiet
2026-05-02T10:45:00+00:00,78230.0,-0.01610635306149577,78230.1,78208.0,0.00012782819891477004,-0.028122203758151887,-0.10609740508755738,78230.1,78126.6,0.00012782819891477004,-0.132174357663295,-0.10239038731945094,78230.1,78119.0,0.00012782819891477004,-0.1418893007797517,-0.21935318931356473,78230.1,78055.8,0.00012782819891477004,-0.22267672248497128,-0.07669691934040213,78230.1,78054.6,0.00012782819891477004,-0.22421066087178199,0.07573160310498928,0.33145851974946045,0.054673069818986446,Q1_quiet
2026-05-02T19:45:00+00:00,78453.0,-0.03173874804022203,78453.1,78428.1,0.00012746485158476872,-0.03173874804022203,-0.0490739678533636,78453.1,78408.6,0.00012746485158476872,-0.05659439409582134,-0.07686130549501291,78453.1,78385.3,0.00012746485158476872,-0.08629370451097573,-0.09942258422239725,78453.1,78374.9,0.00012746485158476872,-0.09955004907397091,0.3781882145998283,79142.6,78374.9,0.8789976164072844,-0.09955004907397091,0.07130365791589988,0.36136285419295633,0.04765964702872748,Q1_quiet
2026-05-03T11:55:00+00:00,78620.3,0.10518911782324558,78734.0,78620.3,0.1446191378053685,0.0,0.24751877059741023,78850.6,78620.3,0.2929268903832716,0.0,0.1495796887063472,78850.6,78620.3,0.2929268903832716,0.0,0.120833932203257,78850.6,78620.3,0.2929268903832716,0.0,0.01793429941121527,78850.6,78555.5,0.2929268903832716,-0.08242146112391602,0.47451085636878165,0.7199158487057413,0.19197559588439014,Q1_quiet
2026-05-04T00:05:00+00:00,78438.0,0.04385629414314085,78475.0,78388.9,0.04717101404931867,-0.06259721053571976,-0.16981565057752057,78495.3,78240.0,0.07305132716286522,-0.25242866977740475,-0.18626176088121227,78495.3,78240.0,0.07305132716286522,-0.25242866977740475,-0.0017848491802419097,78549.4,78240.0,0.142022999056568,-0.25242866977740475,1.8748565746194545,80116.3,78240.0,2.1396516994313997,-0.25242866977740475,-0.3305035318514782,1.3340472730054236,0.06239055866055855,Q3
2026-05-04T09:50:00+00:00,79876.3,-0.09552270197793478,79880.1,79799.1,0.004757356061824147,-0.09664944420310073,-1.3618557694835665,79880.1,78577.8,0.004757356061824147,-1.6256386437529025,-2.0770866953026212,79880.1,78200.0,0.004757356061824147,-2.0986199911613324,-1.2445493844857713,79880.1,78154.9,0.004757356061824147,-2.155082296000199,-1.3539685739074048,79880.1,78154.9,0.004757356061824147,-2.155082296000199,-0.44929508654383277,1.1570390716645576,0.13631035656218038,Q2
2026-05-04T16:05:00+00:00,79756.6,-0.10644887068907982,79782.8,79636.9,0.032849945960578,-0.15008162333902675,0.5634643402552264,80352.0,79563.5,0.7465212910279462,-0.24211162461790225,0.5907975013980105,80352.0,79563.5,0.7465212910279462,-0.24211162461790225,0.675304614288974,80352.0,79563.5,0.7465212910279462,-0.24211162461790225,0.7264602553268329,80756.5,79563.5,1.2536893498469093,-0.24211162461790225,0.9785563350412918,2.5619196405062254,0.12551764457508632,Q4_active
2026-05-04T23:10:00+00:00,79895.2,0.006633690134072445,79900.5,79844.1,0.006633690134072445,-0.06395878600966576,0.03592205789584302,79937.1,79833.2,0.05244370124863895,-0.07760165817221054,-0.20526890226196803,79937.1,79714.4,0.05244370124863895,-0.22629644834734064,0.02991418758575559,79977.2,79714.4,0.10263445113098957,-0.22629644834734064,0.3229230291682095,80221.7,79714.4,0.4086603450520254,-0.22629644834734064,-0.5488192730291996,0.655608847590347,0.1328212080132594,Q1_quiet
2026-05-05T05:30:00+00:00,81085.4,0.11876367385497133,81278.5,81028.7,0.2381439815305919,-0.0699262752604013,-0.20237921993354613,81278.5,80875.0,0.2381439815305919,-0.25947951172466954,-0.23974722946423777,81278.5,80875.0,0.2381439815305919,-0.25947951172466954,-0.3322423025600152,81278.5,80758.1,0.2381439815305919,-0.40364849898993915,-0.05105728034885404,81278.5,80748.9,0.2381439815305919,-0.41499456128970547,1.293188524201061,1.4682051269402383,0.3078936410683448,Q3
2026-05-05T18:05:00+00:00,81340.0,0.21625276616670241,81566.1,81338.1,0.2779690189328887,-0.002335874108672087,0.053356282271943556,81566.1,81338.1,0.2779690189328887,-0.002335874108672087,0.07376444553726103,81566.1,81338.1,0.2779690189328887,-0.002335874108672087,0.10646668305878126,81566.1,81338.1,0.2779690189328887,-0.002335874108672087,0.3357511679370706,81697.2,81338.1,0.4391443324317734,-0.002335874108672087,-0.24124106077385576,0.9424637324809514,0.04511571366315635,Q2
2026-05-06T05:45:00+00:00,81201.1,-0.02598486966309821,81238.7,81177.6,0.046304791437545845,-0.028940494648466153,0.15972690025134462,81346.2,81177.6,0.1786921605741787,-0.028940494648466153,0.030172005059037055,81352.5,81154.9,0.1864506761607876,-0.05689578096850223,0.3301679410746772,81474.5,81154.9,0.33669494625072627,-0.05689578096850223,0.22610531138123058,81571.1,81154.9,0.45565885191209965,-0.05689578096850223,0.5521625851957701,1.1837278066430097,0.14034811620660792,Q2
2026-05-06T17:20:00+00:00,81455.6,-0.03940797195036705,81471.5,81416.6,0.019519836573533844,-0.04787884442567503,-0.014609185863234675,81471.5,81412.4,0.019519836573533844,-0.05303502767153301,-0.07255486424506685,81502.5,81336.8,0.057577379578566124,-0.14584632609667691,-0.024553253551629073,81520.9,81218.8,0.08016637284604666,-0.2907105220512851,-0.23657059796995394,81520.9,81141.7,0.08016637284604666,-0.3853633144928148,-1.1201965563788385,1.641630532461853,0.19764403512528952,Q3
2026-05-07T03:05:00+00:00,81030.8,-0.06084106290448199,81035.2,80974.3,0.005430034011744134,-0.06972657310553299,-0.2048603740799848,81035.2,80813.4,0.005430034011744134,-0.26829304412644417,-0.10971136901031242,81035.2,80813.4,0.005430034011744134,-0.26829304412644417,-0.3762766750420976,81035.2,80678.6,0.005430034011744134,-0.4346495406684858,-0.04664892855557046,81053.9,80678.6,0.028507678561728866,-0.4346495406684858,-0.37180388820309274,0.8216628738701862,0.09972299168975184,Q1_quiet
2026-05-07T19:40:00+00:00,80085.2,0.009115292213790482,80113.8,80048.0,0.03571196675540289,-0.04645053018534906,0.0067428188978757575,80175.6,79959.5,0.11287978303107238,-0.1569578399005067,0.006493084864622745,80331.6,79959.5,0.3076723289696659,-0.1569578399005067,-0.2002866946701709,80331.6,79853.2,0.3076723289696659,-0.28969147857531574,-0.4527678022905546,80331.6,79600.8,0.3076723289696659,-0.6048558285425942,-0.03008389787453325,1.0139201750136104,0.005759625265876305,Q2
2026-05-08T05:55:00+00:00,79560.2,-0.08484141568271264,79560.2,79402.7,0.0,-0.19796330325967393,0.003519347613512025,79584.7,79402.7,0.030794291618163605,-0.19796330325967393,-0.06259411112591318,79610.0,79402.7,0.06259411112592428,-0.19796330325967393,-0.09565084049560912,79610.0,79370.0,0.06259411112592428,-0.2390642557459577,0.09502238556464704,79691.1,79208.2,0.1645295009313763,-0.4424322714120854,-0.2960033284709507,0.8937886028441431,0.0772956345310532,Q2
2026-05-08T23:05:00+00:00,80202.6,-0.036158428779120566,80214.4,80173.5,0.014712739985967005,-0.03628311301628884,-0.07518459501313357,80214.4,80109.7,0.014712739985967005,-0.1158316563303563,-0.13204060716237587,80214.4,80063.8,0.014712739985967005,-0.1730617211910923,-0.14737676833420643,80214.4,80063.8,0.014712739985967005,-0.1730617211910923,0.03204384895252321,80228.3,80063.8,0.03204384895252321,-0.1730617211910923,0.0861062026415782,0.5740462279277656,0.034468977919872815,Q1_quiet
2026-05-09T08:05:00+00:00,80320.1,0.04905372378769535,80361.2,80304.1,0.05117025501710781,-0.01992029392393624,0.03473601252985681,80382.2,80304.1,0.07731564079227482,-0.01992029392393624,0.09350087960546816,80423.3,80304.1,0.12848589580938263,-0.01992029392393624,0.06212641667526775,80423.3,80304.1,0.12848589580938263,-0.01992029392393624,-0.22111526255570446,80423.3,80123.6,0.12848589580938263,-0.24464610975335477,-0.08272523032445411,0.660482245415531,0.03188378002589085,Q1_quiet
2026-05-09T17:05:00+00:00,80728.0,-0.029357843623023516,80787.4,80692.3,0.07358041819442995,-0.044222574571395334,0.0054504013477174595,80787.4,80642.3,0.07358041819442995,-0.10615895352293903,0.1491428005153006,80890.6,80642.3,0.20141710435042093,-0.10615895352293903,0.05908730551975605,80890.6,80642.3,0.20141710435042093,-0.10615895352293903,0.14852343672577817,81044.2,80642.3,0.3916856604895491,-0.10615895352293903,0.5675674328910141,0.6964126449311232,0.24587155963303067,Q1_quiet
2026-05-10T04:55:00+00:00,80718.7,-0.013503686258564684,80718.8,80680.0,0.00012388702990140388,-0.04794428056943412,0.014742556557534314,80732.7,80680.0,0.01734418418533057,-0.04794428056943412,0.011893154869935252,80778.4,80680.0,0.07396055684740777,-0.04794428056943412,-0.07173059030930462,80778.4,80641.0,0.07396055684740777,-0.09626022222855024,-0.02316687459039679,80778.4,80618.5,0.07396055684740777,-0.12413480395496723,0.10516668547595476,0.3961907216047867,0.057569585879157316,Q1_quiet
2026-05-10T14:00:00+00:00,80899.7,-0.00889990939397789,80906.2,80872.6,0.008034640425114148,-0.0334982700801012,-0.0203956256945359,80940.9,80870.0,0.050927259309974104,-0.03671212625016018,0.022991432601116024,80940.9,80847.1,0.050927259309974104,-0.06501878251710114,0.13634166752163335,81090.6,80771.0,0.23597120879312872,-0.1590858804173534,0.5906078761725997,81448.1,80771.0,0.6778764321746733,-0.1590858804173534,0.04241616315507901,0.41075554050262597,0.024041494357611538,Q1_quiet
2026-05-10T21:15:00+00:00,80840.5,-0.16155268708135662,80840.6,80655.9,0.0001237003729670505,-0.22835088847793505,-0.027214082050452948,80896.7,80655.9,0.0695196096016204,-0.22835088847793505,-0.04317143016185909,80896.7,80655.9,0.0695196096016204,-0.22835088847793505,0.5858449663225906,81393.5,80614.7,0.6840630624501243,-0.2793154421360633,1.7273520079662985,82445.6,80614.7,1.9855146863267947,-0.2793154421360633,-0.590257069250677,1.6397721439130213,0.10980463924600756,Q3
2026-05-11T07:25:00+00:00,80700.0,-0.01883519206938855,80730.5,80641.0,0.03779429987609273,-0.07311028500619488,-0.01995043370508487,80733.9,80641.0,0.04200743494422454,-0.07311028500619488,0.010904584882287516,80769.9,80641.0,0.0866171003717442,-0.07311028500619488,-0.11338289962825598,80769.9,80562.2,0.0866171003717442,-0.17075588599752,0.22304832713755385,80918.7,80562.2,0.27100371747210694,-0.17075588599752,-0.6128259948570025,0.9454770755885997,0.15468788858492868,Q2
2026-05-11T23:15:00+00:00,81631.9,0.003920036162341489,81651.5,81602.8,0.024010221494297213,-0.0356478288512152,0.06860063284084283,81690.4,81555.0,0.07166316109266102,-0.09420336902606907,0.09775590179819105,81785.8,81555.0,0.18852923918224462,-0.09420336902606907,-0.07742071420608898,81785.8,81543.8,0.18852923918224462,-0.10792349559423098,-0.3610108303249038,81785.8,81225.0,0.18852923918224462,-0.4984570982667247,-0.25634853625963183,0.6634661204749507,0.06409238101057077,Q1_quiet
2026-05-12T04:40:00+00:00,81217.0,0.06365662361327296,81270.0,81217.0,0.06525727372348467,0.0,-0.027087924941826547,81270.2,81182.4,0.06550352758658562,-0.04260191831759741,-0.0235172439267739,81270.2,81162.6,0.06550352758658562,-0.06698105076522465,-0.006402600440791328,81270.2,81140.4,0.06550352758658562,-0.09431522957017435,-0.19158550549762676,81270.2,81045.8,0.06550352758658562,-0.21079330682000075,-0.639468948381261,1.3495942967605377,0.1713826682842046,Q3
2026-05-12T14:30:00+00:00,80473.7,0.3540287075156412,80780.0,80415.0,0.38062124644449025,-0.07294308575347408,0.1348266576533641,80860.5,80415.0,0.4806539279292421,-0.07294308575347408,-0.013296269464435628,80860.5,80385.0,0.4806539279292421,-0.11022234593413005,-0.08275995760104182,80860.5,80143.0,0.4806539279292421,-0.41094171139142155,-0.28903853060067153,80860.5,80143.0,0.4806539279292421,-0.41094171139142155,-0.5370283852563773,0.7568932458678939,0.145167217934584,Q1_quiet
2026-05-13T10:50:00+00:00,80792.0,-0.031933854837118414,80820.3,80765.1,0.03502822061589583,-0.03329537577977382,-0.1956876918506878,80820.3,80583.2,0.03502822061589583,-0.258441429844547,-0.2343053767699832,80820.3,80504.3,0.03502822061589583,-0.3560996138231465,-0.3678582037825451,80820.3,80476.0,0.03502822061589583,-0.3911278344390534,-0.8300326765026345,80820.3,79801.6,0.03502822061589583,-1.2258639469254318,-0.25937599148664336,0.6313743935043146,0.09824643441664589,Q1_quiet
2026-05-13T20:45:00+00:00,79669.5,-0.024350598409672575,79669.5,79636.8,0.0,-0.041044565360637275,-0.07066694280747354,79679.0,79588.6,0.011924262107831929,-0.10154450573932605,-0.3673927914697561,79679.0,79293.3,0.011924262107831929,-0.4722007794701777,-0.2836719196179227,79679.0,79293.3,0.011924262107831929,-0.4722007794701777,-0.3607403083990657,79679.0,79183.7,0.011924262107831929,-0.6097691086300316,0.6689402717459325,1.3056439415334564,0.1685665159523652,Q3
2026-05-14T04:35:00+00:00,79342.5,-0.0003781075716080551,79350.0,79323.9,0.00945268929011256,-0.023442669439466268,0.08570438289694504,79440.0,79281.7,0.12288496077133004,-0.07662980117844054,0.1025931877619124,79440.0,79281.7,0.12288496077133004,-0.07662980117844054,0.4002898824715606,79730.0,79281.7,0.48838894665532706,-0.07662980117844054,0.5715726124082332,79962.4,79281.7,0.7812962787913103,-0.07662980117844054,0.1284693345717569,0.9861045467435596,0.029100680349894603,Q2
2026-05-15T01:30:00+00:00,81247.2,0.14437420612649632,81442.7,81216.0,0.24062367687747166,-0.0384013233686753,0.02129304148328348,81442.7,81199.0,0.24062367687747166,-0.05932512135802259,-0.12554278793607265,81442.7,80957.3,0.24062367687747166,-0.35681229630066813,-0.5950974310499291,81442.7,80708.0,0.24062367687747166,-0.663653639756201,-0.37416674051536924,81442.7,80708.0,0.24062367687747166,-0.663653639756201,0.07045202611157819,0.7544875392628916,0.01570910688783826,Q1_quiet
2026-05-15T16:05:00+00:00,79161.9,-0.001642204141116821,79193.6,79103.0,0.04004451636456796,-0.07440447993288801,0.11647017062501597,79279.8,79101.2,0.1489352832612756,-0.07667830105138052,0.14249279009219684,79355.2,79101.2,0.244183123447006,-0.07667830105138052,0.1306183909178582,79355.2,79101.2,0.244183123447006,-0.07667830105138052,0.3265459772946233,79533.1,79101.2,0.4689124439913872,-0.07667830105138052,-1.7363304936526158,2.596703717318566,0.28548104004244945,Q4_active
2026-05-16T02:50:00+00:00,79064.9,0.060583141191616896,79122.0,79057.9,0.072219151608377,-0.00885348618666626,0.07955489730588905,79141.9,79057.9,0.09738834805330665,-0.00885348618666626,0.09511173731961975,79153.6,79057.9,0.11218631782246025,-0.00885348618666626,-0.010877140172171895,79153.6,79017.6,0.11218631782246025,-0.05982427094701759,-0.13925268987881045,79153.6,78811.0,0.11218631782246025,-0.321128591827724,0.0965962176820323,0.4276233828158782,0.060055096418724994,Q1_quiet
2026-05-16T08:15:00+00:00,78399.1,-0.027041126747640032,78399.7,78331.0,0.0007653149079356325,-0.08686324205252616,0.029719728925448052,78472.2,78331.0,0.09324086628543782,-0.08686324205252616,-0.03469427582716289,78516.7,78331.0,0.150001721958537,-0.08686324205252616,-0.5924812912393107,78516.7,77850.0,0.150001721958537,-0.700390693260522,-0.6621249478629299,78516.7,77776.8,0.150001721958537,-0.7937591120306231,-0.9266747880766757,1.4475931483907452,0.32549158861911304,Q3
2026-05-16T13:15:00+00:00,77956.9,-0.12943049300317977,77956.9,77856.0,0.0,-0.12943049300317977,-0.10634081139705431,77956.9,77852.0,0.0,-0.13456153336008914,-0.07760698539833744,77956.9,77802.0,0.0,-0.19869953782153393,-0.09248700243338348,78020.0,77802.0,0.08094216163034851,-0.19869953782153393,0.1776622723581811,78314.6,77802.0,0.458843283917143,-0.19869953782153393,-0.5640370871604516,1.1705185814212726,0.1625735294117742,Q2
2026-05-16T19:50:00+00:00,78232.9,-0.011376287981135214,78233.0,78205.8,0.00012782346046069648,-0.03464015778527063,0.03962527274330441,78264.6,78205.8,0.04052003696655149,-0.03464015778527063,0.025181221711090274,78284.7,78205.8,0.06621255251946234,-0.03464015778527063,-0.02224128212042764,78287.4,78160.0,0.06966378595194556,-0.09318330267700237,0.021090870976281373,78287.4,78160.0,0.06966378595194556,-0.09318330267700237,0.19441324469045007,0.38960590748905244,0.08762410528745458,Q1_quiet
2026-05-17T04:55:00+00:00,78116.8,0.04864510579030146,78165.9,78108.6,0.06285459721850906,-0.010497101775797102,0.10996354177332801,78290.0,78108.6,0.22171927165475225,-0.010497101775797102,0.029571103783032626,78290.0,78108.6,0.22171927165475225,-0.010497101775797102,-0.037251909960478446,78290.0,78063.7,0.22171927165475225,-0.0679751346701396,-0.057862073203196474,78290.0,77970.0,0.22171927165475225,-0.18792372447412609,0.016132295062254443,0.6838477766626347,0.006538661131295283,Q1_quiet
2026-05-17T13:55:00+00:00,78164.9,-0.05347668838568964,78178.9,78088.9,0.017910852569369418,-0.09723034251947205,-0.16721060220123984,78178.9,78017.2,0.017910852569369418,-0.18895949460691064,-0.2080217591271638,78178.9,77799.0,0.017910852569369418,-0.4681129253667482,-0.19945013682611812,78178.9,77799.0,0.017910852569369418,-0.4681129253667482,-0.20200883005030423,78178.9,77799.0,0.017910852569369418,-0.4681129253667482,0.1463151515617378,0.6699938207558599,0.06404217137729772,Q1_quiet
2026-05-18T09:35:00+00:00,76964.1,-0.05872867999497933,76969.7,76912.0,0.007276119645371892,-0.06769389884375698,-0.09549907034578364,76969.7,76875.4,0.007276119645371892,-0.11524853795472634,-0.19684502254947445,76969.7,76749.5,0.007276119645371892,-0.2788312992681119,-0.231796382988958,76969.7,76670.1,0.007276119645371892,-0.3819962813831346,0.20386128077896082,77122.6,76626.7,0.20594017210622262,-0.4383862086349444,0.14599508925610127,0.7981643389580373,0.04005998286204333,Q1_quiet
2026-05-18T19:50:00+00:00,76856.4,0.047881503687396965,76900.0,76838.3,0.05672917284702539,-0.023550413498407696,0.09524255624777656,76997.1,76838.3,0.18306868393525022,-0.023550413498407696,0.2723260522220716,77066.0,76838.3,0.2727163905673624,-0.023550413498407696,0.12646962386999583,77158.6,76838.3,0.3932008264764031,-0.023550413498407696,0.20883101472355392,77158.6,76753.6,0.3932008264764031,-0.1337559396484722,0.7026982406993509,1.2254021786084217,0.12922580178790483,Q2
2026-05-19T12:20:00+00:00,76809.9,0.0057284282364733485,76817.2,76781.2,0.009503983210490397,-0.03736497508783909,0.06678826557513506,76881.5,76781.2,0.09321715039338763,-0.03736497508783909,0.15766196805360178,76931.1,76781.2,0.15779215960443072,-0.03736497508783909,-0.06353347680441157,76948.4,76635.0,0.18031529789779288,-0.22770502239944923,-0.5138660511210147,77024.2,76260.1,0.2790004934259738,-0.7157931464563672,-0.3801408505505699,0.9204542643591517,0.11810452512391018,Q2
2026-05-19T23:50:00+00:00,76808.5,-0.011196677451075221,76809.3,76780.2,0.0010415513908013097,-0.03684488044943812,-0.17120500986218534,76863.4,76669.1,0.07147646419340958,-0.1814903298463011,-0.3499612673076635,76863.4,76485.0,0.07147646419340958,-0.42117734365336723,-0.12251248234245171,76863.4,76485.0,0.07147646419340958,-0.42117734365336723,-0.028252081475355073,76895.4,76485.0,0.11313851982526213,-0.42117734365336723,-0.02212806945610657,0.562177363182464,0.007231580738472225,Q1_quiet
2026-05-20T05:55:00+00:00,77170.4,-0.006867918269171103,77209.6,77161.0,0.05079667851923819,-0.01218083617552379,0.038356675616557645,77209.6,77155.1,0.05079667851923819,-0.01982625462610965,0.10651752485411059,77329.3,77155.1,0.20590796471187112,-0.01982625462610965,0.2713475633144391,77387.7,77155.1,0.281584649036426,-0.01982625462610965,0.10250044058344177,77444.0,77155.1,0.3545400827260181,-0.01982625462610965,0.5334747247622174,1.031483574012834,0.15701085081093832,Q2
2026-05-20T21:40:00+00:00,77586.5,0.022426581944023916,77622.8,77563.5,0.04678648991771617,-0.029644332454747957,-0.15737273881410996,77622.8,77464.2,0.04678648991771617,-0.15763051561805685,-0.3208032325211163,77622.8,77256.0,0.04678648991771617,-0.42597616853446985,-0.23689688283400345,77622.8,77185.3,0.04678648991771617,-0.5171002687323178,-0.18534152204314758,77622.8,77185.3,0.04678648991771617,-0.5171002687323178,0.37063389391980284,0.696899589490436,0.12146521388900755,Q1_quiet
2026-05-21T08:55:00+00:00,77888.0,-0.03427999178307051,77888.0,77859.8,0.0,-0.03620583401807709,0.015535127362364953,77950.0,77848.9,0.07960147904684245,-0.0502002875924501,0.0055207477403396155,77950.0,77848.9,0.07960147904684245,-0.0502002875924501,-0.3738701725554572,77950.0,77596.8,0.07960147904684245,-0.3738701725554572,-0.9219648726376373,77950.0,77141.6,0.07960147904684245,-0.9582990961380378,-0.19362089004102412,0.8821641331142228,0.0587366375121533,Q2
2026-05-21T19:10:00+00:00,77504.8,0.07625334172849385,77564.0,77483.2,0.07638236599538661,-0.027869241646971687,0.009547795749420551,77576.2,77483.2,0.09212332655526012,-0.027869241646971687,0.11405745192554217,77621.0,77483.2,0.14992619811933228,-0.027869241646971687,0.21934125370299817,77764.0,77483.2,0.33443089976361584,-0.027869241646971687,0.2934011828944705,77774.4,77483.2,0.34784942351957504,-0.027869241646971687,0.582694618704882,1.6863471681753905,0.08926441351888564,Q3
2026-05-22T02:50:00+00:00,77583.1,0.07063393960795583,77644.9,77583.0,0.07965652313453031,-0.0001288940503885172,0.13353423619317795,77743.8,77583.0,0.20713273895989204,-0.0001288940503885172,0.17014014650098552,77743.8,77583.0,0.20713273895989204,-0.0001288940503885172,0.1849629622946214,77777.0,77583.0,0.24992556368590435,-0.0001288940503885172,0.0284855851338639,77862.7,77583.0,0.36038776486115864,-0.0001288940503885172,-0.13027085266906768,0.5591423905463985,0.038400242847384365,Q1_quiet
2026-05-22T12:35:00+00:00,77414.5,-0.02493073003120294,77416.8,77366.3,0.002971019641018202,-0.06226223769448813,0.09003481259970414,77496.8,77366.3,0.10631083324184054,-0.06226223769448813,0.1087651538148604,77506.6,77366.3,0.11896996040794416,-0.06226223769448813,-0.27423803034315464,77517.4,77086.3,0.13292083524403253,-0.4239515852973219,-0.8277519069424977,77517.4,76736.6,0.13292083524403253,-0.8756757454998709,-0.009687169021721509,0.5214785343830898,0.004098584622110511,Q1_quiet
2026-05-23T01:05:00+00:00,75477.1,-0.12560101010770097,75477.1,75357.1,0.0,-0.15898862038949968,-0.07353223693014055,75477.1,75336.5,0.0,-0.18628166688969827,-0.0393496835464191,75478.9,75336.5,0.0023848293058348347,-0.18628166688969827,-0.03272515769685569,75487.9,75317.4,0.014308975835031212,-0.2115873556350345,0.11804905063919069,75579.8,75317.4,0.1360677609500094,-0.2115873556350345,-0.6355985197452729,1.1475003676611921,0.17408235378957035,Q2
2026-05-23T17:05:00+00:00,75456.5,-0.04174590658193589,75456.6,75394.5,0.00013252668757957053,-0.0821665462882537,-0.0629501765918139,75475.7,75379.2,0.02544512401183585,-0.10244312948520795,-0.038830319455585016,75477.9,75379.2,0.028360711138186723,-0.10244312948520795,0.0970095352951672,75545.6,75332.3,0.11808127861749895,-0.16459814595163325,0.4198445461955025,75969.9,75332.3,0.6803920139418107,-0.16459814595163325,0.977030875299767,1.3843737782695875,0.28619027086356047,Q3
2026-05-24T05:35:00+00:00,76650.9,-0.04827079655946864,76650.9,76611.1,0.0,-0.05192372170449433,0.1839508733752604,76831.2,76611.1,0.23522228701815528,-0.05192372170449433,0.19295272462556134,76831.2,76611.1,0.23522228701815528,-0.05192372170449433,0.07527635031032709,76831.2,76611.1,0.23522228701815528,-0.05192372170449433,0.24304998375752618,77034.7,76611.1,0.5007116680952217,-0.05192372170449433,-0.13146271488096994,0.451397178637172,0.05129899842391926,Q1_quiet
2026-05-24T12:10:00+00:00,77179.7,-0.14563414991246582,77180.8,77064.5,0.0014252452393614945,-0.14926204688537892,-0.17660084193124037,77180.8,77010.9,0.0014252452393614945,-0.2187103603667806,-0.10948474793242013,77180.8,77008.0,0.0014252452393614945,-0.22246782508871243,-0.21560073438999794,77180.8,76952.9,0.0014252452393614945,-0.29385965480560605,-0.9063264044820052,77180.8,76400.0,0.0014252452393614945,-1.0102397392060314,0.41190115933391613,1.154966914875296,0.18328123190922177,Q2
2026-05-25T06:00:00+00:00,77336.9,0.2635223289270794,77652.0,77336.9,0.40743810522532176,0.0,-0.10046950420821155,77652.0,77238.0,0.40743810522532176,-0.12788203302691592,-0.021852440426228803,77652.0,77181.3,0.40743810522532176,-0.20119761717884987,0.14094177553019005,77652.0,77181.3,0.40743810522532176,-0.20119761717884987,0.050558013057155904,77652.0,77150.0,0.40743810522532176,-0.24166988850082838,0.3740491403488866,0.7683266332113095,0.11981375239045607,Q1_quiet
2026-05-25T18:10:00+00:00,77602.6,-0.01610770773143866,77628.6,77590.0,0.033504032081399515,-0.01623656939330198,0.012112996214042049,77628.6,77560.7,0.033504032081399515,-0.053993036315802545,-0.029380458902150686,77628.6,77542.2,0.033504032081399515,-0.07783244375834109,-0.1780868166788352,77628.6,77382.1,0.033504032081399515,-0.2841399643826348,-0.25321316553826856,77628.6,77311.9,0.033504032081399515,-0.3746008510024268,0.4018527143818229,0.8071894498380133,0.16050020669698667,Q1_quiet
2026-05-26T08:05:00+00:00,76726.6,0.03206189248576852,76777.7,76719.9,0.06660011000094723,-0.00873230405101788,0.029194568767532125,76777.7,76687.7,0.06660011000094723,-0.050699496654360576,0.1212095935438251,76819.8,76687.7,0.1214702593363981,-0.050699496654360576,-0.1202972632698529,76819.8,76620.9,0.1214702593363981,-0.13776187137187756,-0.13372155158707377,76819.8,76543.8,0.1214702593363981,-0.2382485344065821,0.21040808196903793,0.7760020644730884,0.08917796844727409,Q1_quiet
2026-05-26T19:10:00+00:00,75836.1,0.025581484279912914,75875.9,75780.5,0.05248160177011574,-0.07331600649296277,0.07832681269210884,75912.8,75780.5,0.10113916723037963,-0.07331600649296277,0.21612398316894765,76035.1,75780.5,0.2624080088506675,-0.07331600649296277,0.32820780604487787,76100.0,75780.5,0.34798730419944857,-0.07331600649296277,0.044833529150367646,76158.7,75780.5,0.42539107364434336,-0.07331600649296277,-1.9912919747366309,3.0399770030368236,0.2474862668251444,Q4_active
2026-05-27T10:10:00+00:00,75919.8,0.03477353733807309,75973.4,75904.2,0.07060081823186959,-0.020547999336151257,0.04992110095125568,76004.7,75904.2,0.11182853484861255,-0.020547999336151257,-0.06177571595289422,76004.7,75834.6,0.11182853484861255,-0.1122236886820005,-0.0009220256112385528,76004.7,75834.6,0.11182853484861255,-0.1122236886820005,-0.4211022684464383,76004.7,75577.9,0.11182853484861255,-0.45034365211711336,0.42819669268652216,0.6307972360306456,0.1620850232837607,Q1_quiet
2026-05-27T17:45:00+00:00,74906.1,-0.052332186564263417,74949.9,74866.5,0.05847320845697723,-0.05286618846797042,-0.0849063026909791,74949.9,74655.6,0.05847320845697723,-0.33441869220264264,-0.12041742928815546,74949.9,74638.1,0.05847320845697723,-0.3577812754902432,0.06875274510353968,74974.0,74638.1,0.09064682315591543,-0.3577812754902432,0.03951614087502886,75078.6,74638.1,0.23028832097786722,-0.3577812754902432,-1.1440750663164856,1.4145710429457758,0.1856515686904367,Q3
2026-05-28T08:35:00+00:00,73260.8,-0.004367956669870665,73260.9,73216.7,0.0001364986459195805,-0.06019590285665233,0.06783982702891489,73348.8,73216.7,0.12011880842142109,-0.06019590285665233,0.04913951253604498,73366.1,73216.7,0.1437330741679066,-0.06019590285665233,0.1983325325412899,73464.7,73216.7,0.2783207390582687,-0.06019590285665233,0.25020201799599295,73592.8,73216.7,0.4531755044989927,-0.06019590285665233,-0.2571828067371218,1.1846717480562514,0.0557342224058045,Q2
2026-05-28T16:55:00+00:00,73414.9,-0.13103607033448927,73441.5,73297.5,0.036232426932425454,-0.15991304217535252,0.058707428601012523,73474.4,73288.6,0.08104621813826984,-0.1720359218632561,-0.11659758441404655,73474.4,73280.0,0.08104621813826984,-0.18375016515720377,0.1407071316585684,73718.5,73280.0,0.4135400307022197,-0.18375016515720377,0.2880886577520281,73721.9,73280.0,0.4181712431672535,-0.18375016515720377,-0.08737178326899686,1.3595332827532365,0.012412513050541715,Q3
2026-05-29T04:05:00+00:00,73205.0,-0.010108599139391217,73229.2,73171.0,0.03305785123965954,-0.046444914964827166,0.09521207567788625,73287.6,73171.0,0.11283382282631926,-0.046444914964827166,0.23577624479202974,73412.8,73171.0,0.28386039204972846,-0.046444914964827166,0.5047469435147889,73581.9,73171.0,0.5148555426541801,-0.046444914964827166,0.5796052182228006,73683.0,73171.0,0.6529608633289996,-0.046444914964827166,-0.4623019919776983,0.9373676661430191,0.11302439997340777,Q2
2026-05-29T11:45:00+00:00,73426.4,-0.04562391728315518,73440.0,73305.6,0.018521948508998243,-0.16451848381506817,-0.05066297680398346,73448.4,73305.6,0.029961975529246843,-0.16451848381506817,-0.09982785483149126,73448.4,73285.8,0.029961975529246843,-0.1914842617913859,-0.2858644847084868,73448.4,73165.7,0.029961975529246843,-0.3550494100214574,-0.3271302964601208,73448.4,72870.0,0.029961975529246843,-0.7577655992939802,-0.38556191375461735,0.7269864789775924,0.1299972555118534,Q1_quiet
2026-05-29T22:40:00+00:00,73428.7,0.01457195892069496,73491.0,73418.6,0.08484420941676785,-0.013754839728863377,0.024377389222474122,73491.0,73370.0,0.08484420941676785,-0.07994149426586716,-0.0769453905625439,73491.0,73347.7,0.08484420941676785,-0.1103110908949767,-0.04684816699735972,73491.0,73279.8,0.08484420941676785,-0.20278174610198763,0.0749025925830038,73512.3,73279.8,0.11385194072617288,-0.20278174610198763,-1.00947052677699,1.4153866267549378,0.22858538372306272,Q3
2026-05-30T08:05:00+00:00,73524.4,0.0008160556223657522,73525.0,73499.2,0.0008160556223657522,-0.03427433613875097,-0.009112621116247333,73525.0,73473.7,0.0008160556223657522,-0.06895670008867372,-0.050323430044996176,73526.8,73473.7,0.0032642224894186,-0.06895670008867372,-0.017001158798979343,73526.8,73470.5,0.0032642224894186,-0.07330899674120595,0.10880741631349444,73608.1,73470.5,0.11383975931800183,-0.07330899674120595,-0.30468168425107356,0.8136074554841817,0.1156518606207314,Q1_quiet
2026-05-30T17:10:00+00:00,73877.8,-0.000947510618887204,73910.1,73866.0,0.043720847128647655,-0.015972321861235095,0.02382312413200527,73989.9,73866.0,0.1517370576817223,-0.015972321861235095,0.05495561589543563,73989.9,73772.5,0.1517370576817223,-0.1425326688125561,0.14388625541097433,73999.6,73772.5,0.1648668476863291,-0.1425326688125561,0.17041655273979384,74108.6,73772.5,0.31240778691299376,-0.1425326688125561,0.41714862805810604,0.6836965908567815,0.16008554587658486,Q1_quiet
2026-05-31T02:10:00+00:00,74134.9,0.014163369748931842,74211.3,74134.9,0.10305537607795401,0.0,-0.27220647765086037,74211.3,73929.2,0.10305537607795401,-0.2774671578433363,-0.25790821866623626,74211.3,73848.0,0.10305537607795401,-0.3869972172350633,-0.010656249620610847,74211.3,73848.0,0.10305537607795401,-0.3869972172350633,-0.07405419040154015,74211.3,73848.0,0.10305537607795401,-0.3869972172350633,0.2486781787940595,0.6658132674354533,0.08515071537713026,Q1_quiet
2026-05-31T11:10:00+00:00,73880.9,0.010422179480773508,73889.0,73869.2,0.010963591401846884,-0.015836298691540573,0.08554308353039275,73944.1,73869.2,0.08554308353039275,-0.015836298691540573,0.0596906642988948,73944.1,73869.2,0.08554308353039275,-0.015836298691540573,0.014753474849404924,73957.0,73841.4,0.10300361798516455,-0.05346442720649547,0.04398971858761147,73974.9,73841.4,0.12723180145342017,-0.05346442720649547,-0.1203192109222817,0.5070322640898951,0.056716798368597145,Q1_quiet
2026-05-31T21:55:00+00:00,73860.5,-0.23232986508351372,73945.1,73645.0,0.11454024817054709,-0.29176623499705956,0.025588778846596938,73945.1,73645.0,0.11454024817054709,-0.29176623499705956,-0.011914352055564237,73965.6,73645.0,0.14229527284543853,-0.29176623499705956,0.07866180163957903,73975.0,73645.0,0.15502196708661042,-0.29176623499705956,-0.280664225127103,74175.8,73470.8,0.42688581853629337,-0.5276162495515102,0.4904761904761967,0.651227652127998,0.24167057719380383,Q1_quiet
